timestamp,phase,service,cpu_percent,memory_bytes,db_connections,pool_active,pool_idle,pool_pending,pool_max
2026-10-08T06:57:45.297633+00:00,smoke-1,ai-worker,0.21,55176069,15,,,,
2026-10-08T06:57:45.340938+00:00,smoke-1,backend-1,24.55,388497408,15,1.0,7.0,0.0,8.0
2026-10-08T06:57:45.373943+00:00,smoke-1,backend-2,21.1,430440448,15,1.0,5.0,0.0,8.0
2026-10-08T06:57:45.373973+00:00,smoke-1,postgres,9.56,70411878,15,,,,
2026-10-08T06:57:52.630469+00:00,smoke-1,ai-worker,0.21,55165583,15,,,,
2026-10-08T06:57:52.645044+00:00,smoke-1,backend-1,54.74,393740288,15,1.0,7.0,0.0,8.0
2026-10-08T06:57:52.657327+00:00,smoke-1,backend-2,24.22,437465907,15,1.0,5.0,0.0,8.0
2026-10-08T06:57:52.657358+00:00,smoke-1,postgres,3.26,72183972,15,,,,
2026-10-08T06:57:58.872725+00:00,smoke-1,ai-worker,0.33,55176069,15,,,,
2026-10-08T06:57:58.886947+00:00,smoke-1,backend-1,11.28,395942298,15,1.0,7.0,0.0,8.0
2026-10-08T06:57:58.895653+00:00,smoke-1,backend-2,41.46,446273946,15,1.0,5.0,0.0,8.0
2026-10-08T06:57:58.895684+00:00,smoke-1,postgres,2.72,73568092,15,,,,
2026-10-08T06:58:06.142384+00:00,smoke-1,ai-worker,13.58,55197041,15,,,,
2026-10-08T06:58:06.159469+00:00,smoke-1,backend-1,17.26,398563738,15,3.0,5.0,0.0,8.0
2026-10-08T06:58:06.174141+00:00,smoke-1,backend-2,14.87,448056525,15,3.0,3.0,0.0,8.0
2026-10-08T06:58:06.174189+00:00,smoke-1,postgres,7.59,74868326,15,,,,
2026-10-08T06:58:13.376147+00:00,smoke-1,ai-worker,0.22,55197041,15,,,,
2026-10-08T06:58:13.386029+00:00,smoke-1,backend-1,35.5,408525210,15,1.0,7.0,0.0,8.0
2026-10-08T06:58:13.399108+00:00,smoke-1,backend-2,10.7,449629389,15,1.0,5.0,0.0,8.0
2026-10-08T06:58:13.399137+00:00,smoke-1,postgres,2.61,74385981,15,,,,
2026-10-08T06:58:19.839233+00:00,smoke-1,ai-worker,0.42,55207526,15,,,,
2026-10-08T06:58:19.847731+00:00,smoke-1,backend-1,7.43,409678643,15,1.0,7.0,0.0,8.0
2026-10-08T06:58:19.855450+00:00,smoke-1,backend-2,5.14,450153677,15,1.0,5.0,0.0,8.0
2026-10-08T06:58:19.855477+00:00,smoke-1,postgres,1.3,75770102,15,,,,
2026-10-08T06:58:27.021139+00:00,smoke-1,ai-worker,0.18,55238984,13,,,,
2026-10-08T06:58:27.028378+00:00,smoke-1,backend-1,5.82,412195226,13,1.0,5.0,0.0,8.0
2026-10-08T06:58:27.035384+00:00,smoke-1,backend-2,6.32,450573107,13,1.0,5.0,0.0,8.0
2026-10-08T06:58:27.035416+00:00,smoke-1,postgres,1.82,67643638,13,,,,
2026-10-08T06:58:34.205199+00:00,smoke-1,ai-worker,0.31,55238984,13,,,,
2026-10-08T06:58:34.215369+00:00,smoke-1,backend-1,11.42,417962394,13,1.0,5.0,0.0,8.0
2026-10-08T06:58:34.230850+00:00,smoke-1,backend-2,4.53,450992538,13,1.0,5.0,0.0,8.0
2026-10-08T06:58:34.230888+00:00,smoke-1,postgres,1.95,68010639,13,,,,
2026-10-08T06:58:40.838735+00:00,smoke-1,ai-worker,0.18,55249469,12,,,,
2026-10-08T06:58:40.849548+00:00,smoke-1,backend-1,16.9,429706445,12,1.0,5.0,0.0,8.0
2026-10-08T06:58:40.858802+00:00,smoke-1,backend-2,8.45,452145971,12,1.0,4.0,0.0,8.0
2026-10-08T06:58:40.858834+00:00,smoke-1,postgres,2.82,64445481,12,,,,
2026-10-08T06:58:48.084876+00:00,smoke-1,ai-worker,0.28,55270441,11,,,,
2026-10-08T06:58:48.097258+00:00,smoke-1,backend-1,24.26,423100416,11,1.0,4.0,0.0,8.0
2026-10-08T06:58:48.106801+00:00,smoke-1,backend-2,12.3,462317158,11,1.0,4.0,0.0,8.0
2026-10-08T06:58:48.106832+00:00,smoke-1,postgres,4.21,62159585,11,,,,
2026-10-08T06:58:55.294168+00:00,smoke-1,ai-worker,15.96,55364813,11,,,,
2026-10-08T06:58:55.302405+00:00,smoke-1,backend-1,10.64,423624704,11,1.0,4.0,0.0,8.0
2026-10-08T06:58:55.310313+00:00,smoke-1,backend-2,5.89,462841446,11,1.0,4.0,0.0,8.0
2026-10-08T06:58:55.310349+00:00,smoke-1,postgres,5.33,60303606,11,,,,
2026-10-08T06:59:02.484645+00:00,smoke-1,ai-worker,0.32,55291412,9,,,,
2026-10-08T06:59:02.494533+00:00,smoke-1,backend-1,10.17,426560717,9,1.0,3.0,0.0,8.0
2026-10-08T06:59:02.501773+00:00,smoke-1,backend-2,10.22,463365734,9,1.0,3.0,0.0,8.0
2026-10-08T06:59:02.501808+00:00,smoke-1,postgres,8.2,54316237,9,,,,
2026-10-08T06:59:08.840522+00:00,smoke-1,ai-worker,0.19,55301898,10,,,,
2026-10-08T06:59:08.848644+00:00,smoke-1,backend-1,8.49,431069594,10,1.0,4.0,0.0,8.0
2026-10-08T06:59:08.856439+00:00,smoke-1,backend-2,5.46,463260877,10,1.0,3.0,0.0,8.0
2026-10-08T06:59:08.856472+00:00,smoke-1,postgres,3.04,57210307,10,,,,
2026-10-08T06:59:16.027774+00:00,smoke-1,ai-worker,0.19,55301898,9,,,,
2026-10-08T06:59:16.036054+00:00,smoke-1,backend-1,6.35,431279309,9,1.0,3.0,0.0,8.0
2026-10-08T06:59:16.043371+00:00,smoke-1,backend-2,4.72,463575450,9,1.0,3.0,0.0,8.0
2026-10-08T06:59:16.043400+00:00,smoke-1,postgres,3.05,54599352,9,,,,
2026-10-08T06:59:23.290402+00:00,smoke-1,ai-worker,0.22,55322870,10,,,,
2026-10-08T06:59:23.299393+00:00,smoke-1,backend-1,6.97,434320179,10,1.0,3.0,0.0,8.0
2026-10-08T06:59:23.313405+00:00,smoke-1,backend-2,12.0,463994880,10,1.0,4.0,0.0,8.0
2026-10-08T06:59:23.313445+00:00,smoke-1,postgres,4.67,56151245,10,,,,
2026-10-08T06:59:29.869628+00:00,smoke-1,ai-worker,0.15,55343841,10,,,,
2026-10-08T06:59:29.879433+00:00,smoke-1,backend-1,10.63,435578470,10,1.0,3.0,0.0,8.0
2026-10-08T06:59:29.888281+00:00,smoke-1,backend-2,38.17,464414310,10,1.0,4.0,0.0,8.0
2026-10-08T06:59:29.888317+00:00,smoke-1,postgres,3.01,56591647,10,,,,
2026-10-08T06:59:37.112202+00:00,smoke-1,ai-worker,0.18,55364813,10,,,,
2026-10-08T06:59:37.119932+00:00,smoke-1,backend-1,18.27,447741952,10,1.0,3.0,0.0,8.0
2026-10-08T06:59:37.126846+00:00,smoke-1,backend-2,6.6,464833741,10,1.0,4.0,0.0,8.0
2026-10-08T06:59:37.126879+00:00,smoke-1,postgres,1.8,57461965,10,,,,
2026-10-08T06:59:44.336613+00:00,smoke-1,ai-worker,0.2,55364813,11,,,,
2026-10-08T06:59:44.344442+00:00,smoke-1,backend-1,9.45,439353344,11,1.0,4.0,0.0,8.0
2026-10-08T06:59:44.351650+00:00,smoke-1,backend-2,6.97,465462886,11,1.0,4.0,0.0,8.0
2026-10-08T06:59:44.351682+00:00,smoke-1,postgres,6.26,59192115,11,,,,
2026-10-08T06:59:47.529034+00:00,api-read-1,ai-worker,0.19,55375299,11,,,,
2026-10-08T06:59:47.556931+00:00,api-read-1,backend-1,54.41,441660211,11,1.0,4.0,0.0,8.0
2026-10-08T06:59:47.590578+00:00,api-read-1,backend-2,49.9,465882317,11,2.0,3.0,0.0,8.0
2026-10-08T06:59:47.590620+00:00,api-read-1,postgres,1.85,59338916,11,,,,
2026-10-08T06:59:54.778320+00:00,api-read-1,ai-worker,0.4,55385784,17,,,,
2026-10-08T06:59:54.788472+00:00,api-read-1,backend-1,60.99,475214643,17,1.0,7.0,0.0,8.0
2026-10-08T06:59:54.798054+00:00,api-read-1,backend-2,54.3,492201574,17,1.0,7.0,0.0,8.0
2026-10-08T06:59:54.798092+00:00,api-read-1,postgres,20.3,78244741,17,,,,
2026-10-08T07:00:02.288148+00:00,api-read-1,ai-worker,0.12,55385784,17,,,,
2026-10-08T07:00:02.298486+00:00,api-read-1,backend-1,150.4,476053504,17,1.0,7.0,0.0,8.0
2026-10-08T07:00:02.307896+00:00,api-read-1,backend-2,152.37,502267904,17,1.0,7.0,0.0,8.0
2026-10-08T07:00:02.307936+00:00,api-read-1,postgres,52.42,79660319,17,,,,
2026-10-08T07:00:08.924419+00:00,api-read-1,ai-worker,0.1,55385784,17,,,,
2026-10-08T07:00:08.933206+00:00,api-read-1,backend-1,24.42,476472934,17,1.0,7.0,0.0,8.0
2026-10-08T07:00:08.940999+00:00,api-read-1,backend-2,28.18,502792192,17,1.0,7.0,0.0,8.0
2026-10-08T07:00:08.941035+00:00,api-read-1,postgres,19.33,79691776,17,,,,
2026-10-08T07:00:16.090512+00:00,api-read-1,ai-worker,0.2,55385784,17,,,,
2026-10-08T07:00:16.098350+00:00,api-read-1,backend-1,28.12,483498394,17,1.0,7.0,0.0,8.0
2026-10-08T07:00:16.105526+00:00,api-read-1,backend-2,32.05,503840768,17,1.0,7.0,0.0,8.0
2026-10-08T07:00:16.105567+00:00,api-read-1,postgres,18.35,80268493,17,,,,
2026-10-08T07:00:23.282590+00:00,api-read-1,ai-worker,0.19,55385784,17,,,,
2026-10-08T07:00:23.311381+00:00,api-read-1,backend-1,19.73,483603251,17,1.0,7.0,0.0,8.0
2026-10-08T07:00:23.333376+00:00,api-read-1,backend-2,19.16,503945626,17,1.0,7.0,0.0,8.0
2026-10-08T07:00:23.333417+00:00,api-read-1,postgres,16.2,80677437,17,,,,
2026-10-08T07:00:29.932010+00:00,api-read-1,ai-worker,0.16,55385784,17,,,,
2026-10-08T07:00:29.939693+00:00,api-read-1,backend-1,23.89,484127539,17,1.0,7.0,0.0,8.0
2026-10-08T07:00:29.945678+00:00,api-read-1,backend-2,22.78,504365056,17,1.0,7.0,0.0,8.0
2026-10-08T07:00:29.945706+00:00,api-read-1,postgres,20.69,81275126,17,,,,
2026-10-08T07:00:37.132043+00:00,api-read-1,ai-worker,0.16,55385784,17,,,,
2026-10-08T07:00:37.138073+00:00,api-read-1,backend-1,60.84,484442112,17,1.0,7.0,0.0,8.0
2026-10-08T07:00:37.145265+00:00,api-read-1,backend-2,18.14,504784486,17,1.0,7.0,0.0,8.0
2026-10-08T07:00:37.145302+00:00,api-read-1,postgres,20.66,81935729,17,,,,
2026-10-08T07:00:44.382875+00:00,api-read-1,ai-worker,0.2,55385784,17,,,,
2026-10-08T07:00:44.393111+00:00,api-read-1,backend-1,15.09,484756685,17,1.0,7.0,0.0,8.0
2026-10-08T07:00:44.401310+00:00,api-read-1,backend-2,14.94,504994202,17,1.0,7.0,0.0,8.0
2026-10-08T07:00:44.401344+00:00,api-read-1,postgres,23.79,82365645,17,,,,
2026-10-08T07:00:50.986480+00:00,api-read-1,ai-worker,0.19,55385784,17,,,,
2026-10-08T07:00:50.997219+00:00,api-read-1,backend-1,17.38,486119834,17,1.0,7.0,0.0,8.0
2026-10-08T07:00:51.016362+00:00,api-read-1,backend-2,18.31,505728205,17,1.0,7.0,0.0,8.0
2026-10-08T07:00:51.016417+00:00,api-read-1,postgres,16.13,83477135,17,,,,
2026-10-08T07:00:58.236450+00:00,api-read-1,ai-worker,14.74,55385784,17,,,,
2026-10-08T07:00:58.245085+00:00,api-read-1,backend-1,15.15,485910118,17,1.0,7.0,0.0,8.0
2026-10-08T07:00:58.252012+00:00,api-read-1,backend-2,16.25,505728205,17,1.0,7.0,0.0,8.0
2026-10-08T07:00:58.252051+00:00,api-read-1,postgres,12.85,82984305,17,,,,
2026-10-08T07:01:05.481498+00:00,api-read-1,ai-worker,0.27,55385784,17,,,,
2026-10-08T07:01:05.490819+00:00,api-read-1,backend-1,13.3,486014976,17,1.0,7.0,0.0,8.0
2026-10-08T07:01:05.498299+00:00,api-read-1,backend-2,15.42,505728205,17,1.0,7.0,0.0,8.0
2026-10-08T07:01:05.498333+00:00,api-read-1,postgres,16.28,83047219,17,,,,
2026-10-08T07:01:12.717186+00:00,api-read-1,ai-worker,0.18,55385784,17,,,,
2026-10-08T07:01:12.723565+00:00,api-read-1,backend-1,14.09,486539264,17,1.0,7.0,0.0,8.0
2026-10-08T07:01:12.728830+00:00,api-read-1,backend-2,43.95,506671923,17,1.0,7.0,0.0,8.0
2026-10-08T07:01:12.728865+00:00,api-read-1,postgres,15.55,82910904,17,,,,
2026-10-08T07:01:19.125727+00:00,api-read-1,ai-worker,0.15,55385784,17,,,,
2026-10-08T07:01:19.136159+00:00,api-read-1,backend-1,46.4,489160704,17,1.0,7.0,0.0,8.0
2026-10-08T07:01:19.145614+00:00,api-read-1,backend-2,46.45,506147635,17,1.0,7.0,0.0,8.0
2026-10-08T07:01:19.145643+00:00,api-read-1,postgres,26.57,83204506,17,,,,
2026-10-08T07:01:26.311280+00:00,api-read-1,ai-worker,0.23,55385784,17,,,,
2026-10-08T07:01:26.317209+00:00,api-read-1,backend-1,18.06,508349645,17,1.0,7.0,0.0,8.0
2026-10-08T07:01:26.323065+00:00,api-read-1,backend-2,13.33,506357350,17,1.0,7.0,0.0,8.0
2026-10-08T07:01:26.323096+00:00,api-read-1,postgres,20.17,83277906,17,,,,
2026-10-08T07:01:33.518965+00:00,api-read-1,ai-worker,0.25,55385784,17,,,,
2026-10-08T07:01:33.530176+00:00,api-read-1,backend-1,21.98,490104422,17,1.0,7.0,0.0,8.0
2026-10-08T07:01:33.562150+00:00,api-read-1,backend-2,39.03,506462208,17,1.0,7.0,0.0,8.0
2026-10-08T07:01:33.562190+00:00,api-read-1,postgres,17.19,83277906,17,,,,
2026-10-08T07:01:39.993215+00:00,api-read-1,ai-worker,0.14,55396270,17,,,,
2026-10-08T07:01:40.005666+00:00,api-read-1,backend-1,16.11,490314138,17,1.0,7.0,0.0,8.0
2026-10-08T07:01:40.012241+00:00,api-read-1,backend-2,16.4,506567066,17,1.0,7.0,0.0,8.0
2026-10-08T07:01:40.012277+00:00,api-read-1,postgres,15.59,83697336,17,,,,
2026-10-08T07:01:47.334418+00:00,api-read-1,ai-worker,0.21,55385784,17,,,,
2026-10-08T07:01:47.347995+00:00,api-read-1,backend-1,52.83,490838426,17,1.0,7.0,0.0,8.0
2026-10-08T07:01:47.362474+00:00,api-read-1,backend-2,16.09,506671923,17,1.0,7.0,0.0,8.0
2026-10-08T07:01:47.362527+00:00,api-read-1,postgres,16.85,84536197,17,,,,
2026-10-08T07:01:53.273453+00:00,smoke-2,ai-worker,0.17,55385784,17,,,,
2026-10-08T07:01:53.291960+00:00,smoke-2,backend-1,4.0,491257856,17,1.0,7.0,0.0,8.0
2026-10-08T07:01:53.303355+00:00,smoke-2,backend-2,33.0,507196211,17,1.0,7.0,0.0,8.0
2026-10-08T07:01:53.303394+00:00,smoke-2,postgres,3.19,84819313,17,,,,
2026-10-08T07:01:59.992973+00:00,smoke-2,ai-worker,0.2,55385784,17,,,,
2026-10-08T07:02:00.000446+00:00,smoke-2,backend-1,13.13,511180800,17,1.0,7.0,0.0,8.0
2026-10-08T07:02:00.009211+00:00,smoke-2,backend-2,15.16,506881638,17,1.0,7.0,0.0,8.0
2026-10-08T07:02:00.009259+00:00,smoke-2,postgres,3.32,85249229,17,,,,
2026-10-08T07:02:07.189107+00:00,smoke-2,ai-worker,0.15,55385784,16,,,,
2026-10-08T07:02:07.207300+00:00,smoke-2,backend-1,5.41,505623347,16,1.0,7.0,0.0,8.0
2026-10-08T07:02:07.216522+00:00,smoke-2,backend-2,2.17,508454502,16,1.0,6.0,0.0,8.0
2026-10-08T07:02:07.216558+00:00,smoke-2,postgres,2.18,85951775,16,,,,
2026-10-08T07:02:14.380098+00:00,smoke-2,ai-worker,0.22,55385784,15,,,,
2026-10-08T07:02:14.387584+00:00,smoke-2,backend-1,2.96,505623347,15,1.0,6.0,0.0,8.0
2026-10-08T07:02:14.403288+00:00,smoke-2,backend-2,32.27,508454502,15,1.0,6.0,0.0,8.0
2026-10-08T07:02:14.403363+00:00,smoke-2,postgres,5.59,79450604,15,,,,
2026-10-08T07:02:21.169185+00:00,smoke-2,ai-worker,0.23,55385784,13,,,,
2026-10-08T07:02:21.187789+00:00,smoke-2,backend-1,8.82,506042778,13,1.0,5.0,0.0,8.0
2026-10-08T07:02:21.198289+00:00,smoke-2,backend-2,3.0,508454502,13,1.0,5.0,0.0,8.0
2026-10-08T07:02:21.198334+00:00,smoke-2,postgres,6.39,72498545,13,,,,
2026-10-08T07:02:28.392986+00:00,smoke-2,ai-worker,0.12,55385784,12,,,,
2026-10-08T07:02:28.399438+00:00,smoke-2,backend-1,34.17,505833062,12,1.0,5.0,0.0,8.0
2026-10-08T07:02:28.406036+00:00,smoke-2,backend-2,1.8,508559360,12,1.0,4.0,0.0,8.0
2026-10-08T07:02:28.406071+00:00,smoke-2,postgres,3.94,69017272,12,,,,
2026-10-08T07:02:35.600061+00:00,smoke-2,ai-worker,0.2,55385784,11,,,,
2026-10-08T07:02:35.608989+00:00,smoke-2,backend-1,3.22,506042778,11,1.0,4.0,0.0,8.0
2026-10-08T07:02:35.615295+00:00,smoke-2,backend-2,3.5,508559360,11,1.0,4.0,0.0,8.0
2026-10-08T07:02:35.615332+00:00,smoke-2,postgres,1.74,65546486,11,,,,
2026-10-08T07:02:42.821496+00:00,smoke-2,ai-worker,0.14,55385784,10,,,,
2026-10-08T07:02:42.833806+00:00,smoke-2,backend-1,3.88,506042778,10,1.0,4.0,0.0,8.0
2026-10-08T07:02:42.844113+00:00,smoke-2,backend-2,1.91,508769075,10,1.0,3.0,0.0,8.0
2026-10-08T07:02:42.844134+00:00,smoke-2,postgres,3.45,62495130,10,,,,
2026-10-08T07:02:49.099700+00:00,smoke-2,ai-worker,0.26,55385784,10,,,,
2026-10-08T07:02:49.110874+00:00,smoke-2,backend-1,51.6,506252493,10,1.0,4.0,0.0,8.0
2026-10-08T07:02:49.121957+00:00,smoke-2,backend-2,3.84,509817651,10,1.0,3.0,0.0,8.0
2026-10-08T07:02:49.121988+00:00,smoke-2,postgres,7.5,62505615,10,,,,
2026-10-08T07:02:56.303139+00:00,smoke-2,ai-worker,0.2,55385784,10,,,,
2026-10-08T07:02:56.319480+00:00,smoke-2,backend-1,4.11,506147635,10,1.0,4.0,0.0,8.0
2026-10-08T07:02:56.325854+00:00,smoke-2,backend-2,4.35,509922509,10,1.0,3.0,0.0,8.0
2026-10-08T07:02:56.325884+00:00,smoke-2,postgres,2.7,63029903,10,,,,
2026-10-08T07:03:03.593854+00:00,smoke-2,ai-worker,0.23,55385784,9,,,,
2026-10-08T07:03:03.605080+00:00,smoke-2,backend-1,7.61,506252493,9,1.0,3.0,0.0,8.0
2026-10-08T07:03:03.618094+00:00,smoke-2,backend-2,3.86,509922509,9,1.0,3.0,0.0,8.0
2026-10-08T07:03:03.618130+00:00,smoke-2,postgres,2.46,59118715,9,,,,
2026-10-08T07:03:10.031636+00:00,smoke-2,ai-worker,12.52,55459185,9,,,,
2026-10-08T07:03:10.038319+00:00,smoke-2,backend-1,1.72,510446797,9,1.0,3.0,0.0,8.0
2026-10-08T07:03:10.044523+00:00,smoke-2,backend-2,1.99,510027366,9,1.0,3.0,0.0,8.0
2026-10-08T07:03:10.044549+00:00,smoke-2,postgres,4.89,59391345,9,,,,
2026-10-08T07:03:17.276557+00:00,smoke-2,ai-worker,0.28,55385784,9,,,,
2026-10-08T07:03:17.286609+00:00,smoke-2,backend-1,3.2,511390515,9,1.0,3.0,0.0,8.0
2026-10-08T07:03:17.298123+00:00,smoke-2,backend-2,2.69,510132224,9,1.0,3.0,0.0,8.0
2026-10-08T07:03:17.298163+00:00,smoke-2,postgres,6.94,59800289,9,,,,
2026-10-08T07:03:24.509443+00:00,smoke-2,ai-worker,0.23,55385784,9,,,,
2026-10-08T07:03:24.527615+00:00,smoke-2,backend-1,8.11,511495373,9,1.0,3.0,0.0,8.0
2026-10-08T07:03:24.560651+00:00,smoke-2,backend-2,2.51,517891686,9,1.0,3.0,0.0,8.0
2026-10-08T07:03:24.560714+00:00,smoke-2,postgres,4.42,53246689,9,,,,
2026-10-08T07:03:31.093631+00:00,smoke-2,ai-worker,13.65,55385784,10,,,,
2026-10-08T07:03:31.102245+00:00,smoke-2,backend-1,2.35,511809946,10,1.0,3.0,0.0,8.0
2026-10-08T07:03:31.111964+00:00,smoke-2,backend-2,2.36,510656512,10,1.0,4.0,0.0,8.0
2026-10-08T07:03:31.111992+00:00,smoke-2,postgres,2.45,58353254,10,,,,
2026-10-08T07:03:38.353272+00:00,smoke-2,ai-worker,0.16,55385784,11,,,,
2026-10-08T07:03:38.359993+00:00,smoke-2,backend-1,2.83,511600230,11,1.0,4.0,0.0,8.0
2026-10-08T07:03:38.368244+00:00,smoke-2,backend-2,2.62,510656512,11,1.0,4.0,0.0,8.0
2026-10-08T07:03:38.368281+00:00,smoke-2,postgres,2.89,61016637,11,,,,
2026-10-08T07:03:45.549055+00:00,smoke-2,ai-worker,0.16,55385784,10,,,,
2026-10-08T07:03:45.559148+00:00,smoke-2,backend-1,2.33,511705088,10,1.0,4.0,0.0,8.0
2026-10-08T07:03:45.570806+00:00,smoke-2,backend-2,21.46,546517811,10,2.0,2.0,0.0,8.0
2026-10-08T07:03:45.570832+00:00,smoke-2,postgres,3.93,58510541,10,,,,
2026-10-08T07:03:52.794000+00:00,smoke-2,ai-worker,0.19,55385784,11,,,,
2026-10-08T07:03:52.805767+00:00,smoke-2,backend-1,4.24,511809946,11,1.0,4.0,0.0,8.0
2026-10-08T07:03:52.816372+00:00,smoke-2,backend-2,0.61,510866227,11,1.0,4.0,0.0,8.0
2026-10-08T07:03:52.816407+00:00,smoke-2,postgres,4.77,61079552,11,,,,
2026-10-08T07:03:54.803584+00:00,api-read-2,ai-worker,0.12,55385784,11,,,,
2026-10-08T07:03:54.814279+00:00,api-read-2,backend-1,50.71,512124518,11,1.0,4.0,0.0,8.0
2026-10-08T07:03:54.825774+00:00,api-read-2,backend-2,47.89,511180800,11,2.0,3.0,0.0,8.0
2026-10-08T07:03:54.825808+00:00,api-read-2,postgres,2.3,61603840,11,,,,
2026-10-08T07:04:01.134269+00:00,api-read-2,ai-worker,13.77,55396270,17,,,,
2026-10-08T07:04:01.142169+00:00,api-read-2,backend-1,19.61,519464550,17,1.0,7.0,0.0,8.0
2026-10-08T07:04:01.149569+00:00,api-read-2,backend-2,17.82,512439091,17,1.0,7.0,0.0,8.0
2026-10-08T07:04:01.149589+00:00,api-read-2,postgres,14.95,80373350,17,,,,
2026-10-08T07:04:08.337622+00:00,api-read-2,ai-worker,0.27,55385784,17,,,,
2026-10-08T07:04:08.350368+00:00,api-read-2,backend-1,14.06,519674266,17,1.0,7.0,0.0,8.0
2026-10-08T07:04:08.364217+00:00,api-read-2,backend-2,17.44,512543949,17,1.0,7.0,0.0,8.0
2026-10-08T07:04:08.364256+00:00,api-read-2,postgres,13.66,80645980,17,,,,
2026-10-08T07:04:15.538206+00:00,api-read-2,ai-worker,0.15,55396270,17,,,,
2026-10-08T07:04:15.544053+00:00,api-read-2,backend-1,15.56,519779123,17,1.0,7.0,0.0,8.0
2026-10-08T07:04:15.552844+00:00,api-read-2,backend-2,15.2,513907098,17,1.0,7.0,0.0,8.0
2026-10-08T07:04:15.552870+00:00,api-read-2,postgres,19.74,81348526,17,,,,
2026-10-08T07:04:22.747219+00:00,api-read-2,ai-worker,14.87,55396270,17,,,,
2026-10-08T07:04:22.756977+00:00,api-read-2,backend-1,14.12,520827699,17,1.0,7.0,0.0,8.0
2026-10-08T07:04:22.766363+00:00,api-read-2,backend-2,15.29,517577114,17,1.0,7.0,0.0,8.0
2026-10-08T07:04:22.766391+00:00,api-read-2,postgres,16.98,82585846,17,,,,
2026-10-08T07:04:29.017878+00:00,api-read-2,ai-worker,0.21,55396270,17,,,,
2026-10-08T07:04:29.024481+00:00,api-read-2,backend-1,15.52,520408269,17,1.0,7.0,0.0,8.0
2026-10-08T07:04:29.033124+00:00,api-read-2,backend-2,16.09,517577114,17,1.0,7.0,0.0,8.0
2026-10-08T07:04:29.033143+00:00,api-read-2,postgres,14.94,82229330,17,,,,
2026-10-08T07:04:36.209511+00:00,api-read-2,ai-worker,0.2,55406756,17,,,,
2026-10-08T07:04:36.225366+00:00,api-read-2,backend-1,13.16,520513126,17,1.0,7.0,0.0,8.0
2026-10-08T07:04:36.236191+00:00,api-read-2,backend-2,14.23,518415974,17,1.0,7.0,0.0,8.0
2026-10-08T07:04:36.236228+00:00,api-read-2,postgres,14.21,82533417,17,,,,
2026-10-08T07:04:43.432862+00:00,api-read-2,ai-worker,0.2,55406756,17,,,,
2026-10-08T07:04:43.440767+00:00,api-read-2,backend-1,18.72,520513126,17,1.0,7.0,0.0,8.0
2026-10-08T07:04:43.449986+00:00,api-read-2,backend-2,17.41,518206259,17,1.0,7.0,0.0,8.0
2026-10-08T07:04:43.450032+00:00,api-read-2,postgres,18.39,82501960,17,,,,
2026-10-08T07:04:50.547429+00:00,api-read-2,ai-worker,0.11,55406756,17,,,,
2026-10-08T07:04:50.563188+00:00,api-read-2,backend-1,14.22,520722842,17,8.0,0.0,0.0,8.0
2026-10-08T07:04:50.601560+00:00,api-read-2,backend-2,13.66,519149978,17,7.0,1.0,1.0,8.0
2026-10-08T07:04:50.601620+00:00,api-read-2,postgres,14.87,82732646,17,,,,
2026-10-08T07:04:57.802224+00:00,api-read-2,ai-worker,0.17,55427727,17,,,,
2026-10-08T07:04:57.811741+00:00,api-read-2,backend-1,14.03,523134566,17,2.0,6.0,0.0,8.0
2026-10-08T07:04:57.818315+00:00,api-read-2,backend-2,55.78,519464550,17,1.0,7.0,0.0,8.0
2026-10-08T07:04:57.818361+00:00,api-read-2,postgres,23.72,83508593,17,,,,
2026-10-08T07:05:05.022999+00:00,api-read-2,ai-worker,0.57,55448699,17,,,,
2026-10-08T07:05:05.031651+00:00,api-read-2,backend-1,12.07,518625690,17,1.0,7.0,0.0,8.0
2026-10-08T07:05:05.040715+00:00,api-read-2,backend-2,12.9,519149978,17,1.0,7.0,0.0,8.0
2026-10-08T07:05:05.040760+00:00,api-read-2,postgres,13.56,84410368,17,,,,
2026-10-08T07:05:12.227523+00:00,api-read-2,ai-worker,14.56,55459185,17,,,,
2026-10-08T07:05:12.233843+00:00,api-read-2,backend-1,13.3,523868570,17,1.0,7.0,0.0,8.0
2026-10-08T07:05:12.239977+00:00,api-read-2,backend-2,14.33,519149978,17,1.0,7.0,0.0,8.0
2026-10-08T07:05:12.240006+00:00,api-read-2,postgres,12.8,83728794,17,,,,
2026-10-08T07:05:19.094841+00:00,api-read-2,ai-worker,0.35,55459185,17,,,,
2026-10-08T07:05:19.104293+00:00,api-read-2,backend-1,76.4,522505421,17,1.0,7.0,0.0,8.0
2026-10-08T07:05:19.112977+00:00,api-read-2,backend-2,77.76,519464550,17,1.0,7.0,0.0,8.0
2026-10-08T07:05:19.113017+00:00,api-read-2,postgres,31.02,84169196,17,,,,
2026-10-08T07:05:26.312982+00:00,api-read-2,ai-worker,0.29,55480156,17,,,,
2026-10-08T07:05:26.324774+00:00,api-read-2,backend-1,15.8,522715136,17,1.0,7.0,0.0,8.0
2026-10-08T07:05:26.335011+00:00,api-read-2,backend-2,17.93,519569408,17,1.0,7.0,0.0,8.0
2026-10-08T07:05:26.335070+00:00,api-read-2,postgres,15.76,84766884,17,,,,
2026-10-08T07:05:33.522062+00:00,api-read-2,ai-worker,15.13,55889101,17,,,,
2026-10-08T07:05:33.529348+00:00,api-read-2,backend-1,41.43,522715136,17,1.0,7.0,0.0,8.0
2026-10-08T07:05:33.536524+00:00,api-read-2,backend-2,17.3,519569408,17,1.0,7.0,0.0,8.0
2026-10-08T07:05:33.536562+00:00,api-read-2,postgres,15.99,84829798,17,,,,
2026-10-08T07:05:40.137911+00:00,api-read-2,ai-worker,0.14,55501128,17,,,,
2026-10-08T07:05:40.148729+00:00,api-read-2,backend-1,16.49,522715136,17,1.0,7.0,0.0,8.0
2026-10-08T07:05:40.159619+00:00,api-read-2,backend-2,17.0,519569408,17,1.0,7.0,0.0,8.0
2026-10-08T07:05:40.159656+00:00,api-read-2,postgres,20.13,85406515,17,,,,
2026-10-08T07:05:47.652636+00:00,api-read-2,ai-worker,0.17,55511613,17,,,,
2026-10-08T07:05:47.759839+00:00,api-read-2,backend-1,23.75,522819994,17,8.0,0.0,19.0,8.0
2026-10-08T07:05:47.796952+00:00,api-read-2,backend-2,16.52,519674266,17,7.0,1.0,6.0,8.0
2026-10-08T07:05:47.797013+00:00,api-read-2,postgres,16.24,85186314,17,,,,
2026-10-08T07:05:55.017158+00:00,api-read-2,ai-worker,0.2,55511613,17,,,,
2026-10-08T07:05:55.022526+00:00,api-read-2,backend-1,12.7,522819994,17,1.0,7.0,0.0,8.0
2026-10-08T07:05:55.032649+00:00,api-read-2,backend-2,14.07,519674266,17,1.0,7.0,0.0,8.0
2026-10-08T07:05:55.032695+00:00,api-read-2,postgres,13.17,85123400,17,,,,
