series,timestamp,phase,service,cpu_percent,memory_bytes,db_connections,pool_active,pool_idle,pool_pending,pool_max
baseline,2026-10-08T06:57:45.297633+00:00,smoke-1,ai-worker,0.21,55176069,15,,,,
baseline,2026-10-08T06:57:45.340938+00:00,smoke-1,backend-1,24.55,388497408,15,1.0,7.0,0.0,8.0
baseline,2026-10-08T06:57:45.373943+00:00,smoke-1,backend-2,21.1,430440448,15,1.0,5.0,0.0,8.0
baseline,2026-10-08T06:57:45.373973+00:00,smoke-1,postgres,9.56,70411878,15,,,,
baseline,2026-10-08T06:57:52.630469+00:00,smoke-1,ai-worker,0.21,55165583,15,,,,
baseline,2026-10-08T06:57:52.645044+00:00,smoke-1,backend-1,54.74,393740288,15,1.0,7.0,0.0,8.0
baseline,2026-10-08T06:57:52.657327+00:00,smoke-1,backend-2,24.22,437465907,15,1.0,5.0,0.0,8.0
baseline,2026-10-08T06:57:52.657358+00:00,smoke-1,postgres,3.26,72183972,15,,,,
baseline,2026-10-08T06:57:58.872725+00:00,smoke-1,ai-worker,0.33,55176069,15,,,,
baseline,2026-10-08T06:57:58.886947+00:00,smoke-1,backend-1,11.28,395942298,15,1.0,7.0,0.0,8.0
baseline,2026-10-08T06:57:58.895653+00:00,smoke-1,backend-2,41.46,446273946,15,1.0,5.0,0.0,8.0
baseline,2026-10-08T06:57:58.895684+00:00,smoke-1,postgres,2.72,73568092,15,,,,
baseline,2026-10-08T06:58:06.142384+00:00,smoke-1,ai-worker,13.58,55197041,15,,,,
baseline,2026-10-08T06:58:06.159469+00:00,smoke-1,backend-1,17.26,398563738,15,3.0,5.0,0.0,8.0
baseline,2026-10-08T06:58:06.174141+00:00,smoke-1,backend-2,14.87,448056525,15,3.0,3.0,0.0,8.0
baseline,2026-10-08T06:58:06.174189+00:00,smoke-1,postgres,7.59,74868326,15,,,,
baseline,2026-10-08T06:58:13.376147+00:00,smoke-1,ai-worker,0.22,55197041,15,,,,
baseline,2026-10-08T06:58:13.386029+00:00,smoke-1,backend-1,35.5,408525210,15,1.0,7.0,0.0,8.0
baseline,2026-10-08T06:58:13.399108+00:00,smoke-1,backend-2,10.7,449629389,15,1.0,5.0,0.0,8.0
baseline,2026-10-08T06:58:13.399137+00:00,smoke-1,postgres,2.61,74385981,15,,,,
baseline,2026-10-08T06:58:19.839233+00:00,smoke-1,ai-worker,0.42,55207526,15,,,,
baseline,2026-10-08T06:58:19.847731+00:00,smoke-1,backend-1,7.43,409678643,15,1.0,7.0,0.0,8.0
baseline,2026-10-08T06:58:19.855450+00:00,smoke-1,backend-2,5.14,450153677,15,1.0,5.0,0.0,8.0
baseline,2026-10-08T06:58:19.855477+00:00,smoke-1,postgres,1.3,75770102,15,,,,
baseline,2026-10-08T06:58:27.021139+00:00,smoke-1,ai-worker,0.18,55238984,13,,,,
baseline,2026-10-08T06:58:27.028378+00:00,smoke-1,backend-1,5.82,412195226,13,1.0,5.0,0.0,8.0
baseline,2026-10-08T06:58:27.035384+00:00,smoke-1,backend-2,6.32,450573107,13,1.0,5.0,0.0,8.0
baseline,2026-10-08T06:58:27.035416+00:00,smoke-1,postgres,1.82,67643638,13,,,,
baseline,2026-10-08T06:58:34.205199+00:00,smoke-1,ai-worker,0.31,55238984,13,,,,
baseline,2026-10-08T06:58:34.215369+00:00,smoke-1,backend-1,11.42,417962394,13,1.0,5.0,0.0,8.0
baseline,2026-10-08T06:58:34.230850+00:00,smoke-1,backend-2,4.53,450992538,13,1.0,5.0,0.0,8.0
baseline,2026-10-08T06:58:34.230888+00:00,smoke-1,postgres,1.95,68010639,13,,,,
baseline,2026-10-08T06:58:40.838735+00:00,smoke-1,ai-worker,0.18,55249469,12,,,,
baseline,2026-10-08T06:58:40.849548+00:00,smoke-1,backend-1,16.9,429706445,12,1.0,5.0,0.0,8.0
baseline,2026-10-08T06:58:40.858802+00:00,smoke-1,backend-2,8.45,452145971,12,1.0,4.0,0.0,8.0
baseline,2026-10-08T06:58:40.858834+00:00,smoke-1,postgres,2.82,64445481,12,,,,
baseline,2026-10-08T06:58:48.084876+00:00,smoke-1,ai-worker,0.28,55270441,11,,,,
baseline,2026-10-08T06:58:48.097258+00:00,smoke-1,backend-1,24.26,423100416,11,1.0,4.0,0.0,8.0
baseline,2026-10-08T06:58:48.106801+00:00,smoke-1,backend-2,12.3,462317158,11,1.0,4.0,0.0,8.0
baseline,2026-10-08T06:58:48.106832+00:00,smoke-1,postgres,4.21,62159585,11,,,,
baseline,2026-10-08T06:58:55.294168+00:00,smoke-1,ai-worker,15.96,55364813,11,,,,
baseline,2026-10-08T06:58:55.302405+00:00,smoke-1,backend-1,10.64,423624704,11,1.0,4.0,0.0,8.0
baseline,2026-10-08T06:58:55.310313+00:00,smoke-1,backend-2,5.89,462841446,11,1.0,4.0,0.0,8.0
baseline,2026-10-08T06:58:55.310349+00:00,smoke-1,postgres,5.33,60303606,11,,,,
baseline,2026-10-08T06:59:02.484645+00:00,smoke-1,ai-worker,0.32,55291412,9,,,,
baseline,2026-10-08T06:59:02.494533+00:00,smoke-1,backend-1,10.17,426560717,9,1.0,3.0,0.0,8.0
baseline,2026-10-08T06:59:02.501773+00:00,smoke-1,backend-2,10.22,463365734,9,1.0,3.0,0.0,8.0
baseline,2026-10-08T06:59:02.501808+00:00,smoke-1,postgres,8.2,54316237,9,,,,
baseline,2026-10-08T06:59:08.840522+00:00,smoke-1,ai-worker,0.19,55301898,10,,,,
baseline,2026-10-08T06:59:08.848644+00:00,smoke-1,backend-1,8.49,431069594,10,1.0,4.0,0.0,8.0
baseline,2026-10-08T06:59:08.856439+00:00,smoke-1,backend-2,5.46,463260877,10,1.0,3.0,0.0,8.0
baseline,2026-10-08T06:59:08.856472+00:00,smoke-1,postgres,3.04,57210307,10,,,,
baseline,2026-10-08T06:59:16.027774+00:00,smoke-1,ai-worker,0.19,55301898,9,,,,
baseline,2026-10-08T06:59:16.036054+00:00,smoke-1,backend-1,6.35,431279309,9,1.0,3.0,0.0,8.0
baseline,2026-10-08T06:59:16.043371+00:00,smoke-1,backend-2,4.72,463575450,9,1.0,3.0,0.0,8.0
baseline,2026-10-08T06:59:16.043400+00:00,smoke-1,postgres,3.05,54599352,9,,,,
baseline,2026-10-08T06:59:23.290402+00:00,smoke-1,ai-worker,0.22,55322870,10,,,,
baseline,2026-10-08T06:59:23.299393+00:00,smoke-1,backend-1,6.97,434320179,10,1.0,3.0,0.0,8.0
baseline,2026-10-08T06:59:23.313405+00:00,smoke-1,backend-2,12.0,463994880,10,1.0,4.0,0.0,8.0
baseline,2026-10-08T06:59:23.313445+00:00,smoke-1,postgres,4.67,56151245,10,,,,
baseline,2026-10-08T06:59:29.869628+00:00,smoke-1,ai-worker,0.15,55343841,10,,,,
baseline,2026-10-08T06:59:29.879433+00:00,smoke-1,backend-1,10.63,435578470,10,1.0,3.0,0.0,8.0
baseline,2026-10-08T06:59:29.888281+00:00,smoke-1,backend-2,38.17,464414310,10,1.0,4.0,0.0,8.0
baseline,2026-10-08T06:59:29.888317+00:00,smoke-1,postgres,3.01,56591647,10,,,,
baseline,2026-10-08T06:59:37.112202+00:00,smoke-1,ai-worker,0.18,55364813,10,,,,
baseline,2026-10-08T06:59:37.119932+00:00,smoke-1,backend-1,18.27,447741952,10,1.0,3.0,0.0,8.0
baseline,2026-10-08T06:59:37.126846+00:00,smoke-1,backend-2,6.6,464833741,10,1.0,4.0,0.0,8.0
baseline,2026-10-08T06:59:37.126879+00:00,smoke-1,postgres,1.8,57461965,10,,,,
baseline,2026-10-08T06:59:44.336613+00:00,smoke-1,ai-worker,0.2,55364813,11,,,,
baseline,2026-10-08T06:59:44.344442+00:00,smoke-1,backend-1,9.45,439353344,11,1.0,4.0,0.0,8.0
baseline,2026-10-08T06:59:44.351650+00:00,smoke-1,backend-2,6.97,465462886,11,1.0,4.0,0.0,8.0
baseline,2026-10-08T06:59:44.351682+00:00,smoke-1,postgres,6.26,59192115,11,,,,
baseline,2026-10-08T06:59:47.529034+00:00,api-read-1,ai-worker,0.19,55375299,11,,,,
baseline,2026-10-08T06:59:47.556931+00:00,api-read-1,backend-1,54.41,441660211,11,1.0,4.0,0.0,8.0
baseline,2026-10-08T06:59:47.590578+00:00,api-read-1,backend-2,49.9,465882317,11,2.0,3.0,0.0,8.0
baseline,2026-10-08T06:59:47.590620+00:00,api-read-1,postgres,1.85,59338916,11,,,,
baseline,2026-10-08T06:59:54.778320+00:00,api-read-1,ai-worker,0.4,55385784,17,,,,
baseline,2026-10-08T06:59:54.788472+00:00,api-read-1,backend-1,60.99,475214643,17,1.0,7.0,0.0,8.0
baseline,2026-10-08T06:59:54.798054+00:00,api-read-1,backend-2,54.3,492201574,17,1.0,7.0,0.0,8.0
baseline,2026-10-08T06:59:54.798092+00:00,api-read-1,postgres,20.3,78244741,17,,,,
baseline,2026-10-08T07:00:02.288148+00:00,api-read-1,ai-worker,0.12,55385784,17,,,,
baseline,2026-10-08T07:00:02.298486+00:00,api-read-1,backend-1,150.4,476053504,17,1.0,7.0,0.0,8.0
baseline,2026-10-08T07:00:02.307896+00:00,api-read-1,backend-2,152.37,502267904,17,1.0,7.0,0.0,8.0
baseline,2026-10-08T07:00:02.307936+00:00,api-read-1,postgres,52.42,79660319,17,,,,
baseline,2026-10-08T07:00:08.924419+00:00,api-read-1,ai-worker,0.1,55385784,17,,,,
baseline,2026-10-08T07:00:08.933206+00:00,api-read-1,backend-1,24.42,476472934,17,1.0,7.0,0.0,8.0
baseline,2026-10-08T07:00:08.940999+00:00,api-read-1,backend-2,28.18,502792192,17,1.0,7.0,0.0,8.0
baseline,2026-10-08T07:00:08.941035+00:00,api-read-1,postgres,19.33,79691776,17,,,,
baseline,2026-10-08T07:00:16.090512+00:00,api-read-1,ai-worker,0.2,55385784,17,,,,
baseline,2026-10-08T07:00:16.098350+00:00,api-read-1,backend-1,28.12,483498394,17,1.0,7.0,0.0,8.0
baseline,2026-10-08T07:00:16.105526+00:00,api-read-1,backend-2,32.05,503840768,17,1.0,7.0,0.0,8.0
baseline,2026-10-08T07:00:16.105567+00:00,api-read-1,postgres,18.35,80268493,17,,,,
baseline,2026-10-08T07:00:23.282590+00:00,api-read-1,ai-worker,0.19,55385784,17,,,,
baseline,2026-10-08T07:00:23.311381+00:00,api-read-1,backend-1,19.73,483603251,17,1.0,7.0,0.0,8.0
baseline,2026-10-08T07:00:23.333376+00:00,api-read-1,backend-2,19.16,503945626,17,1.0,7.0,0.0,8.0
baseline,2026-10-08T07:00:23.333417+00:00,api-read-1,postgres,16.2,80677437,17,,,,
baseline,2026-10-08T07:00:29.932010+00:00,api-read-1,ai-worker,0.16,55385784,17,,,,
baseline,2026-10-08T07:00:29.939693+00:00,api-read-1,backend-1,23.89,484127539,17,1.0,7.0,0.0,8.0
baseline,2026-10-08T07:00:29.945678+00:00,api-read-1,backend-2,22.78,504365056,17,1.0,7.0,0.0,8.0
baseline,2026-10-08T07:00:29.945706+00:00,api-read-1,postgres,20.69,81275126,17,,,,
baseline,2026-10-08T07:00:37.132043+00:00,api-read-1,ai-worker,0.16,55385784,17,,,,
baseline,2026-10-08T07:00:37.138073+00:00,api-read-1,backend-1,60.84,484442112,17,1.0,7.0,0.0,8.0
baseline,2026-10-08T07:00:37.145265+00:00,api-read-1,backend-2,18.14,504784486,17,1.0,7.0,0.0,8.0
baseline,2026-10-08T07:00:37.145302+00:00,api-read-1,postgres,20.66,81935729,17,,,,
baseline,2026-10-08T07:00:44.382875+00:00,api-read-1,ai-worker,0.2,55385784,17,,,,
baseline,2026-10-08T07:00:44.393111+00:00,api-read-1,backend-1,15.09,484756685,17,1.0,7.0,0.0,8.0
baseline,2026-10-08T07:00:44.401310+00:00,api-read-1,backend-2,14.94,504994202,17,1.0,7.0,0.0,8.0
baseline,2026-10-08T07:00:44.401344+00:00,api-read-1,postgres,23.79,82365645,17,,,,
baseline,2026-10-08T07:00:50.986480+00:00,api-read-1,ai-worker,0.19,55385784,17,,,,
baseline,2026-10-08T07:00:50.997219+00:00,api-read-1,backend-1,17.38,486119834,17,1.0,7.0,0.0,8.0
baseline,2026-10-08T07:00:51.016362+00:00,api-read-1,backend-2,18.31,505728205,17,1.0,7.0,0.0,8.0
baseline,2026-10-08T07:00:51.016417+00:00,api-read-1,postgres,16.13,83477135,17,,,,
baseline,2026-10-08T07:00:58.236450+00:00,api-read-1,ai-worker,14.74,55385784,17,,,,
baseline,2026-10-08T07:00:58.245085+00:00,api-read-1,backend-1,15.15,485910118,17,1.0,7.0,0.0,8.0
baseline,2026-10-08T07:00:58.252012+00:00,api-read-1,backend-2,16.25,505728205,17,1.0,7.0,0.0,8.0
baseline,2026-10-08T07:00:58.252051+00:00,api-read-1,postgres,12.85,82984305,17,,,,
baseline,2026-10-08T07:01:05.481498+00:00,api-read-1,ai-worker,0.27,55385784,17,,,,
baseline,2026-10-08T07:01:05.490819+00:00,api-read-1,backend-1,13.3,486014976,17,1.0,7.0,0.0,8.0
baseline,2026-10-08T07:01:05.498299+00:00,api-read-1,backend-2,15.42,505728205,17,1.0,7.0,0.0,8.0
baseline,2026-10-08T07:01:05.498333+00:00,api-read-1,postgres,16.28,83047219,17,,,,
baseline,2026-10-08T07:01:12.717186+00:00,api-read-1,ai-worker,0.18,55385784,17,,,,
baseline,2026-10-08T07:01:12.723565+00:00,api-read-1,backend-1,14.09,486539264,17,1.0,7.0,0.0,8.0
baseline,2026-10-08T07:01:12.728830+00:00,api-read-1,backend-2,43.95,506671923,17,1.0,7.0,0.0,8.0
baseline,2026-10-08T07:01:12.728865+00:00,api-read-1,postgres,15.55,82910904,17,,,,
baseline,2026-10-08T07:01:19.125727+00:00,api-read-1,ai-worker,0.15,55385784,17,,,,
baseline,2026-10-08T07:01:19.136159+00:00,api-read-1,backend-1,46.4,489160704,17,1.0,7.0,0.0,8.0
baseline,2026-10-08T07:01:19.145614+00:00,api-read-1,backend-2,46.45,506147635,17,1.0,7.0,0.0,8.0
baseline,2026-10-08T07:01:19.145643+00:00,api-read-1,postgres,26.57,83204506,17,,,,
baseline,2026-10-08T07:01:26.311280+00:00,api-read-1,ai-worker,0.23,55385784,17,,,,
baseline,2026-10-08T07:01:26.317209+00:00,api-read-1,backend-1,18.06,508349645,17,1.0,7.0,0.0,8.0
baseline,2026-10-08T07:01:26.323065+00:00,api-read-1,backend-2,13.33,506357350,17,1.0,7.0,0.0,8.0
baseline,2026-10-08T07:01:26.323096+00:00,api-read-1,postgres,20.17,83277906,17,,,,
baseline,2026-10-08T07:01:33.518965+00:00,api-read-1,ai-worker,0.25,55385784,17,,,,
baseline,2026-10-08T07:01:33.530176+00:00,api-read-1,backend-1,21.98,490104422,17,1.0,7.0,0.0,8.0
baseline,2026-10-08T07:01:33.562150+00:00,api-read-1,backend-2,39.03,506462208,17,1.0,7.0,0.0,8.0
baseline,2026-10-08T07:01:33.562190+00:00,api-read-1,postgres,17.19,83277906,17,,,,
baseline,2026-10-08T07:01:39.993215+00:00,api-read-1,ai-worker,0.14,55396270,17,,,,
baseline,2026-10-08T07:01:40.005666+00:00,api-read-1,backend-1,16.11,490314138,17,1.0,7.0,0.0,8.0
baseline,2026-10-08T07:01:40.012241+00:00,api-read-1,backend-2,16.4,506567066,17,1.0,7.0,0.0,8.0
baseline,2026-10-08T07:01:40.012277+00:00,api-read-1,postgres,15.59,83697336,17,,,,
baseline,2026-10-08T07:01:47.334418+00:00,api-read-1,ai-worker,0.21,55385784,17,,,,
baseline,2026-10-08T07:01:47.347995+00:00,api-read-1,backend-1,52.83,490838426,17,1.0,7.0,0.0,8.0
baseline,2026-10-08T07:01:47.362474+00:00,api-read-1,backend-2,16.09,506671923,17,1.0,7.0,0.0,8.0
baseline,2026-10-08T07:01:47.362527+00:00,api-read-1,postgres,16.85,84536197,17,,,,
baseline,2026-10-08T07:01:53.273453+00:00,smoke-2,ai-worker,0.17,55385784,17,,,,
baseline,2026-10-08T07:01:53.291960+00:00,smoke-2,backend-1,4.0,491257856,17,1.0,7.0,0.0,8.0
baseline,2026-10-08T07:01:53.303355+00:00,smoke-2,backend-2,33.0,507196211,17,1.0,7.0,0.0,8.0
baseline,2026-10-08T07:01:53.303394+00:00,smoke-2,postgres,3.19,84819313,17,,,,
baseline,2026-10-08T07:01:59.992973+00:00,smoke-2,ai-worker,0.2,55385784,17,,,,
baseline,2026-10-08T07:02:00.000446+00:00,smoke-2,backend-1,13.13,511180800,17,1.0,7.0,0.0,8.0
baseline,2026-10-08T07:02:00.009211+00:00,smoke-2,backend-2,15.16,506881638,17,1.0,7.0,0.0,8.0
baseline,2026-10-08T07:02:00.009259+00:00,smoke-2,postgres,3.32,85249229,17,,,,
baseline,2026-10-08T07:02:07.189107+00:00,smoke-2,ai-worker,0.15,55385784,16,,,,
baseline,2026-10-08T07:02:07.207300+00:00,smoke-2,backend-1,5.41,505623347,16,1.0,7.0,0.0,8.0
baseline,2026-10-08T07:02:07.216522+00:00,smoke-2,backend-2,2.17,508454502,16,1.0,6.0,0.0,8.0
baseline,2026-10-08T07:02:07.216558+00:00,smoke-2,postgres,2.18,85951775,16,,,,
baseline,2026-10-08T07:02:14.380098+00:00,smoke-2,ai-worker,0.22,55385784,15,,,,
baseline,2026-10-08T07:02:14.387584+00:00,smoke-2,backend-1,2.96,505623347,15,1.0,6.0,0.0,8.0
baseline,2026-10-08T07:02:14.403288+00:00,smoke-2,backend-2,32.27,508454502,15,1.0,6.0,0.0,8.0
baseline,2026-10-08T07:02:14.403363+00:00,smoke-2,postgres,5.59,79450604,15,,,,
baseline,2026-10-08T07:02:21.169185+00:00,smoke-2,ai-worker,0.23,55385784,13,,,,
baseline,2026-10-08T07:02:21.187789+00:00,smoke-2,backend-1,8.82,506042778,13,1.0,5.0,0.0,8.0
baseline,2026-10-08T07:02:21.198289+00:00,smoke-2,backend-2,3.0,508454502,13,1.0,5.0,0.0,8.0
baseline,2026-10-08T07:02:21.198334+00:00,smoke-2,postgres,6.39,72498545,13,,,,
baseline,2026-10-08T07:02:28.392986+00:00,smoke-2,ai-worker,0.12,55385784,12,,,,
baseline,2026-10-08T07:02:28.399438+00:00,smoke-2,backend-1,34.17,505833062,12,1.0,5.0,0.0,8.0
baseline,2026-10-08T07:02:28.406036+00:00,smoke-2,backend-2,1.8,508559360,12,1.0,4.0,0.0,8.0
baseline,2026-10-08T07:02:28.406071+00:00,smoke-2,postgres,3.94,69017272,12,,,,
baseline,2026-10-08T07:02:35.600061+00:00,smoke-2,ai-worker,0.2,55385784,11,,,,
baseline,2026-10-08T07:02:35.608989+00:00,smoke-2,backend-1,3.22,506042778,11,1.0,4.0,0.0,8.0
baseline,2026-10-08T07:02:35.615295+00:00,smoke-2,backend-2,3.5,508559360,11,1.0,4.0,0.0,8.0
baseline,2026-10-08T07:02:35.615332+00:00,smoke-2,postgres,1.74,65546486,11,,,,
baseline,2026-10-08T07:02:42.821496+00:00,smoke-2,ai-worker,0.14,55385784,10,,,,
baseline,2026-10-08T07:02:42.833806+00:00,smoke-2,backend-1,3.88,506042778,10,1.0,4.0,0.0,8.0
baseline,2026-10-08T07:02:42.844113+00:00,smoke-2,backend-2,1.91,508769075,10,1.0,3.0,0.0,8.0
baseline,2026-10-08T07:02:42.844134+00:00,smoke-2,postgres,3.45,62495130,10,,,,
baseline,2026-10-08T07:02:49.099700+00:00,smoke-2,ai-worker,0.26,55385784,10,,,,
baseline,2026-10-08T07:02:49.110874+00:00,smoke-2,backend-1,51.6,506252493,10,1.0,4.0,0.0,8.0
baseline,2026-10-08T07:02:49.121957+00:00,smoke-2,backend-2,3.84,509817651,10,1.0,3.0,0.0,8.0
baseline,2026-10-08T07:02:49.121988+00:00,smoke-2,postgres,7.5,62505615,10,,,,
baseline,2026-10-08T07:02:56.303139+00:00,smoke-2,ai-worker,0.2,55385784,10,,,,
baseline,2026-10-08T07:02:56.319480+00:00,smoke-2,backend-1,4.11,506147635,10,1.0,4.0,0.0,8.0
baseline,2026-10-08T07:02:56.325854+00:00,smoke-2,backend-2,4.35,509922509,10,1.0,3.0,0.0,8.0
baseline,2026-10-08T07:02:56.325884+00:00,smoke-2,postgres,2.7,63029903,10,,,,
baseline,2026-10-08T07:03:03.593854+00:00,smoke-2,ai-worker,0.23,55385784,9,,,,
baseline,2026-10-08T07:03:03.605080+00:00,smoke-2,backend-1,7.61,506252493,9,1.0,3.0,0.0,8.0
baseline,2026-10-08T07:03:03.618094+00:00,smoke-2,backend-2,3.86,509922509,9,1.0,3.0,0.0,8.0
baseline,2026-10-08T07:03:03.618130+00:00,smoke-2,postgres,2.46,59118715,9,,,,
baseline,2026-10-08T07:03:10.031636+00:00,smoke-2,ai-worker,12.52,55459185,9,,,,
baseline,2026-10-08T07:03:10.038319+00:00,smoke-2,backend-1,1.72,510446797,9,1.0,3.0,0.0,8.0
baseline,2026-10-08T07:03:10.044523+00:00,smoke-2,backend-2,1.99,510027366,9,1.0,3.0,0.0,8.0
baseline,2026-10-08T07:03:10.044549+00:00,smoke-2,postgres,4.89,59391345,9,,,,
baseline,2026-10-08T07:03:17.276557+00:00,smoke-2,ai-worker,0.28,55385784,9,,,,
baseline,2026-10-08T07:03:17.286609+00:00,smoke-2,backend-1,3.2,511390515,9,1.0,3.0,0.0,8.0
baseline,2026-10-08T07:03:17.298123+00:00,smoke-2,backend-2,2.69,510132224,9,1.0,3.0,0.0,8.0
baseline,2026-10-08T07:03:17.298163+00:00,smoke-2,postgres,6.94,59800289,9,,,,
baseline,2026-10-08T07:03:24.509443+00:00,smoke-2,ai-worker,0.23,55385784,9,,,,
baseline,2026-10-08T07:03:24.527615+00:00,smoke-2,backend-1,8.11,511495373,9,1.0,3.0,0.0,8.0
baseline,2026-10-08T07:03:24.560651+00:00,smoke-2,backend-2,2.51,517891686,9,1.0,3.0,0.0,8.0
baseline,2026-10-08T07:03:24.560714+00:00,smoke-2,postgres,4.42,53246689,9,,,,
baseline,2026-10-08T07:03:31.093631+00:00,smoke-2,ai-worker,13.65,55385784,10,,,,
baseline,2026-10-08T07:03:31.102245+00:00,smoke-2,backend-1,2.35,511809946,10,1.0,3.0,0.0,8.0
baseline,2026-10-08T07:03:31.111964+00:00,smoke-2,backend-2,2.36,510656512,10,1.0,4.0,0.0,8.0
baseline,2026-10-08T07:03:31.111992+00:00,smoke-2,postgres,2.45,58353254,10,,,,
baseline,2026-10-08T07:03:38.353272+00:00,smoke-2,ai-worker,0.16,55385784,11,,,,
baseline,2026-10-08T07:03:38.359993+00:00,smoke-2,backend-1,2.83,511600230,11,1.0,4.0,0.0,8.0
baseline,2026-10-08T07:03:38.368244+00:00,smoke-2,backend-2,2.62,510656512,11,1.0,4.0,0.0,8.0
baseline,2026-10-08T07:03:38.368281+00:00,smoke-2,postgres,2.89,61016637,11,,,,
baseline,2026-10-08T07:03:45.549055+00:00,smoke-2,ai-worker,0.16,55385784,10,,,,
baseline,2026-10-08T07:03:45.559148+00:00,smoke-2,backend-1,2.33,511705088,10,1.0,4.0,0.0,8.0
baseline,2026-10-08T07:03:45.570806+00:00,smoke-2,backend-2,21.46,546517811,10,2.0,2.0,0.0,8.0
baseline,2026-10-08T07:03:45.570832+00:00,smoke-2,postgres,3.93,58510541,10,,,,
baseline,2026-10-08T07:03:52.794000+00:00,smoke-2,ai-worker,0.19,55385784,11,,,,
baseline,2026-10-08T07:03:52.805767+00:00,smoke-2,backend-1,4.24,511809946,11,1.0,4.0,0.0,8.0
baseline,2026-10-08T07:03:52.816372+00:00,smoke-2,backend-2,0.61,510866227,11,1.0,4.0,0.0,8.0
baseline,2026-10-08T07:03:52.816407+00:00,smoke-2,postgres,4.77,61079552,11,,,,
baseline,2026-10-08T07:03:54.803584+00:00,api-read-2,ai-worker,0.12,55385784,11,,,,
baseline,2026-10-08T07:03:54.814279+00:00,api-read-2,backend-1,50.71,512124518,11,1.0,4.0,0.0,8.0
baseline,2026-10-08T07:03:54.825774+00:00,api-read-2,backend-2,47.89,511180800,11,2.0,3.0,0.0,8.0
baseline,2026-10-08T07:03:54.825808+00:00,api-read-2,postgres,2.3,61603840,11,,,,
baseline,2026-10-08T07:04:01.134269+00:00,api-read-2,ai-worker,13.77,55396270,17,,,,
baseline,2026-10-08T07:04:01.142169+00:00,api-read-2,backend-1,19.61,519464550,17,1.0,7.0,0.0,8.0
baseline,2026-10-08T07:04:01.149569+00:00,api-read-2,backend-2,17.82,512439091,17,1.0,7.0,0.0,8.0
baseline,2026-10-08T07:04:01.149589+00:00,api-read-2,postgres,14.95,80373350,17,,,,
baseline,2026-10-08T07:04:08.337622+00:00,api-read-2,ai-worker,0.27,55385784,17,,,,
baseline,2026-10-08T07:04:08.350368+00:00,api-read-2,backend-1,14.06,519674266,17,1.0,7.0,0.0,8.0
baseline,2026-10-08T07:04:08.364217+00:00,api-read-2,backend-2,17.44,512543949,17,1.0,7.0,0.0,8.0
baseline,2026-10-08T07:04:08.364256+00:00,api-read-2,postgres,13.66,80645980,17,,,,
baseline,2026-10-08T07:04:15.538206+00:00,api-read-2,ai-worker,0.15,55396270,17,,,,
baseline,2026-10-08T07:04:15.544053+00:00,api-read-2,backend-1,15.56,519779123,17,1.0,7.0,0.0,8.0
baseline,2026-10-08T07:04:15.552844+00:00,api-read-2,backend-2,15.2,513907098,17,1.0,7.0,0.0,8.0
baseline,2026-10-08T07:04:15.552870+00:00,api-read-2,postgres,19.74,81348526,17,,,,
baseline,2026-10-08T07:04:22.747219+00:00,api-read-2,ai-worker,14.87,55396270,17,,,,
baseline,2026-10-08T07:04:22.756977+00:00,api-read-2,backend-1,14.12,520827699,17,1.0,7.0,0.0,8.0
baseline,2026-10-08T07:04:22.766363+00:00,api-read-2,backend-2,15.29,517577114,17,1.0,7.0,0.0,8.0
baseline,2026-10-08T07:04:22.766391+00:00,api-read-2,postgres,16.98,82585846,17,,,,
baseline,2026-10-08T07:04:29.017878+00:00,api-read-2,ai-worker,0.21,55396270,17,,,,
baseline,2026-10-08T07:04:29.024481+00:00,api-read-2,backend-1,15.52,520408269,17,1.0,7.0,0.0,8.0
baseline,2026-10-08T07:04:29.033124+00:00,api-read-2,backend-2,16.09,517577114,17,1.0,7.0,0.0,8.0
baseline,2026-10-08T07:04:29.033143+00:00,api-read-2,postgres,14.94,82229330,17,,,,
baseline,2026-10-08T07:04:36.209511+00:00,api-read-2,ai-worker,0.2,55406756,17,,,,
baseline,2026-10-08T07:04:36.225366+00:00,api-read-2,backend-1,13.16,520513126,17,1.0,7.0,0.0,8.0
baseline,2026-10-08T07:04:36.236191+00:00,api-read-2,backend-2,14.23,518415974,17,1.0,7.0,0.0,8.0
baseline,2026-10-08T07:04:36.236228+00:00,api-read-2,postgres,14.21,82533417,17,,,,
baseline,2026-10-08T07:04:43.432862+00:00,api-read-2,ai-worker,0.2,55406756,17,,,,
baseline,2026-10-08T07:04:43.440767+00:00,api-read-2,backend-1,18.72,520513126,17,1.0,7.0,0.0,8.0
baseline,2026-10-08T07:04:43.449986+00:00,api-read-2,backend-2,17.41,518206259,17,1.0,7.0,0.0,8.0
baseline,2026-10-08T07:04:43.450032+00:00,api-read-2,postgres,18.39,82501960,17,,,,
baseline,2026-10-08T07:04:50.547429+00:00,api-read-2,ai-worker,0.11,55406756,17,,,,
baseline,2026-10-08T07:04:50.563188+00:00,api-read-2,backend-1,14.22,520722842,17,8.0,0.0,0.0,8.0
baseline,2026-10-08T07:04:50.601560+00:00,api-read-2,backend-2,13.66,519149978,17,7.0,1.0,1.0,8.0
baseline,2026-10-08T07:04:50.601620+00:00,api-read-2,postgres,14.87,82732646,17,,,,
baseline,2026-10-08T07:04:57.802224+00:00,api-read-2,ai-worker,0.17,55427727,17,,,,
baseline,2026-10-08T07:04:57.811741+00:00,api-read-2,backend-1,14.03,523134566,17,2.0,6.0,0.0,8.0
baseline,2026-10-08T07:04:57.818315+00:00,api-read-2,backend-2,55.78,519464550,17,1.0,7.0,0.0,8.0
baseline,2026-10-08T07:04:57.818361+00:00,api-read-2,postgres,23.72,83508593,17,,,,
baseline,2026-10-08T07:05:05.022999+00:00,api-read-2,ai-worker,0.57,55448699,17,,,,
baseline,2026-10-08T07:05:05.031651+00:00,api-read-2,backend-1,12.07,518625690,17,1.0,7.0,0.0,8.0
baseline,2026-10-08T07:05:05.040715+00:00,api-read-2,backend-2,12.9,519149978,17,1.0,7.0,0.0,8.0
baseline,2026-10-08T07:05:05.040760+00:00,api-read-2,postgres,13.56,84410368,17,,,,
baseline,2026-10-08T07:05:12.227523+00:00,api-read-2,ai-worker,14.56,55459185,17,,,,
baseline,2026-10-08T07:05:12.233843+00:00,api-read-2,backend-1,13.3,523868570,17,1.0,7.0,0.0,8.0
baseline,2026-10-08T07:05:12.239977+00:00,api-read-2,backend-2,14.33,519149978,17,1.0,7.0,0.0,8.0
baseline,2026-10-08T07:05:12.240006+00:00,api-read-2,postgres,12.8,83728794,17,,,,
baseline,2026-10-08T07:05:19.094841+00:00,api-read-2,ai-worker,0.35,55459185,17,,,,
baseline,2026-10-08T07:05:19.104293+00:00,api-read-2,backend-1,76.4,522505421,17,1.0,7.0,0.0,8.0
baseline,2026-10-08T07:05:19.112977+00:00,api-read-2,backend-2,77.76,519464550,17,1.0,7.0,0.0,8.0
baseline,2026-10-08T07:05:19.113017+00:00,api-read-2,postgres,31.02,84169196,17,,,,
baseline,2026-10-08T07:05:26.312982+00:00,api-read-2,ai-worker,0.29,55480156,17,,,,
baseline,2026-10-08T07:05:26.324774+00:00,api-read-2,backend-1,15.8,522715136,17,1.0,7.0,0.0,8.0
baseline,2026-10-08T07:05:26.335011+00:00,api-read-2,backend-2,17.93,519569408,17,1.0,7.0,0.0,8.0
baseline,2026-10-08T07:05:26.335070+00:00,api-read-2,postgres,15.76,84766884,17,,,,
baseline,2026-10-08T07:05:33.522062+00:00,api-read-2,ai-worker,15.13,55889101,17,,,,
baseline,2026-10-08T07:05:33.529348+00:00,api-read-2,backend-1,41.43,522715136,17,1.0,7.0,0.0,8.0
baseline,2026-10-08T07:05:33.536524+00:00,api-read-2,backend-2,17.3,519569408,17,1.0,7.0,0.0,8.0
baseline,2026-10-08T07:05:33.536562+00:00,api-read-2,postgres,15.99,84829798,17,,,,
baseline,2026-10-08T07:05:40.137911+00:00,api-read-2,ai-worker,0.14,55501128,17,,,,
baseline,2026-10-08T07:05:40.148729+00:00,api-read-2,backend-1,16.49,522715136,17,1.0,7.0,0.0,8.0
baseline,2026-10-08T07:05:40.159619+00:00,api-read-2,backend-2,17.0,519569408,17,1.0,7.0,0.0,8.0
baseline,2026-10-08T07:05:40.159656+00:00,api-read-2,postgres,20.13,85406515,17,,,,
baseline,2026-10-08T07:05:47.652636+00:00,api-read-2,ai-worker,0.17,55511613,17,,,,
baseline,2026-10-08T07:05:47.759839+00:00,api-read-2,backend-1,23.75,522819994,17,8.0,0.0,19.0,8.0
baseline,2026-10-08T07:05:47.796952+00:00,api-read-2,backend-2,16.52,519674266,17,7.0,1.0,6.0,8.0
baseline,2026-10-08T07:05:47.797013+00:00,api-read-2,postgres,16.24,85186314,17,,,,
baseline,2026-10-08T07:05:55.017158+00:00,api-read-2,ai-worker,0.2,55511613,17,,,,
baseline,2026-10-08T07:05:55.022526+00:00,api-read-2,backend-1,12.7,522819994,17,1.0,7.0,0.0,8.0
baseline,2026-10-08T07:05:55.032649+00:00,api-read-2,backend-2,14.07,519674266,17,1.0,7.0,0.0,8.0
baseline,2026-10-08T07:05:55.032695+00:00,api-read-2,postgres,13.17,85123400,17,,,,
confirmation,2026-10-08T07:08:24.873516+00:00,smoke-1,ai-worker,0.63,55522099,9,,,,
confirmation,2026-10-08T07:08:24.925876+00:00,smoke-1,backend-1,7.78,522505421,9,1.0,3.0,0.0,8.0
confirmation,2026-10-08T07:08:24.939906+00:00,smoke-1,backend-2,8.65,519464550,9,1.0,3.0,0.0,8.0
confirmation,2026-10-08T07:08:24.939942+00:00,smoke-1,postgres,6.84,56581161,9,,,,
confirmation,2026-10-08T07:08:31.312680+00:00,smoke-1,ai-worker,0.34,55511613,10,,,,
confirmation,2026-10-08T07:08:31.320921+00:00,smoke-1,backend-1,5.88,522610278,10,1.0,3.0,0.0,8.0
confirmation,2026-10-08T07:08:31.341576+00:00,smoke-1,backend-2,14.12,519464550,10,1.0,4.0,0.0,8.0
confirmation,2026-10-08T07:08:31.341629+00:00,smoke-1,postgres,4.31,59066286,10,,,,
confirmation,2026-10-08T07:08:38.541979+00:00,smoke-1,ai-worker,0.33,55522099,11,,,,
confirmation,2026-10-08T07:08:38.551313+00:00,smoke-1,backend-1,3.2,522610278,11,1.0,4.0,0.0,8.0
confirmation,2026-10-08T07:08:38.562154+00:00,smoke-1,backend-2,2.91,519464550,11,1.0,4.0,0.0,8.0
confirmation,2026-10-08T07:08:38.562182+00:00,smoke-1,postgres,6.79,61855498,11,,,,
confirmation,2026-10-08T07:08:45.741005+00:00,smoke-1,ai-worker,0.35,55511613,12,,,,
confirmation,2026-10-08T07:08:45.749966+00:00,smoke-1,backend-1,23.3,564763034,12,1.0,4.0,0.0,8.0
confirmation,2026-10-08T07:08:45.758101+00:00,smoke-1,backend-2,2.07,519464550,12,1.0,5.0,0.0,8.0
confirmation,2026-10-08T07:08:45.758170+00:00,smoke-1,postgres,2.24,63931679,12,,,,
confirmation,2026-10-08T07:08:52.965631+00:00,smoke-1,ai-worker,0.23,55511613,12,,,,
confirmation,2026-10-08T07:08:52.977140+00:00,smoke-1,backend-1,4.83,523029709,12,2.0,3.0,0.0,8.0
confirmation,2026-10-08T07:08:52.987725+00:00,smoke-1,backend-2,2.6,519464550,12,1.0,5.0,0.0,8.0
confirmation,2026-10-08T07:08:52.987759+00:00,smoke-1,postgres,3.07,65787658,12,,,,
confirmation,2026-10-08T07:08:59.208092+00:00,smoke-1,ai-worker,0.26,55511613,12,,,,
confirmation,2026-10-08T07:08:59.215749+00:00,smoke-1,backend-1,3.3,523029709,12,1.0,4.0,0.0,8.0
confirmation,2026-10-08T07:08:59.221597+00:00,smoke-1,backend-2,5.78,519464550,12,1.0,5.0,0.0,8.0
confirmation,2026-10-08T07:08:59.221621+00:00,smoke-1,postgres,5.95,66427290,12,,,,
confirmation,2026-10-08T07:09:06.456755+00:00,smoke-1,ai-worker,7.08,66186117,12,,,,
confirmation,2026-10-08T07:09:06.467753+00:00,smoke-1,backend-1,33.64,523029709,12,1.0,4.0,0.0,8.0
confirmation,2026-10-08T07:09:06.477576+00:00,smoke-1,backend-2,0.75,519779123,12,1.0,5.0,0.0,8.0
confirmation,2026-10-08T07:09:06.477612+00:00,smoke-1,postgres,3.82,66867692,12,,,,
confirmation,2026-10-08T07:09:13.640359+00:00,smoke-1,ai-worker,0.31,55511613,12,,,,
confirmation,2026-10-08T07:09:13.649649+00:00,smoke-1,backend-1,3.52,523029709,12,1.0,4.0,0.0,8.0
confirmation,2026-10-08T07:09:13.656914+00:00,smoke-1,backend-2,31.13,565287322,12,1.0,5.0,0.0,8.0
confirmation,2026-10-08T07:09:13.656948+00:00,smoke-1,postgres,2.81,67350036,12,,,,
confirmation,2026-10-08T07:09:20.363470+00:00,smoke-1,ai-worker,0.44,55511613,12,,,,
confirmation,2026-10-08T07:09:20.497819+00:00,smoke-1,backend-1,3.93,523029709,12,1.0,4.0,0.0,8.0
confirmation,2026-10-08T07:09:20.551629+00:00,smoke-1,backend-2,3.04,519779123,12,1.0,5.0,0.0,8.0
confirmation,2026-10-08T07:09:20.551692+00:00,smoke-1,postgres,3.23,67329065,12,,,,
confirmation,2026-10-08T07:09:27.774291+00:00,smoke-1,ai-worker,6.4,65756201,12,,,,
confirmation,2026-10-08T07:09:27.782239+00:00,smoke-1,backend-1,3.88,523029709,12,1.0,4.0,0.0,8.0
confirmation,2026-10-08T07:09:27.788884+00:00,smoke-1,backend-2,5.27,519569408,12,1.0,5.0,0.0,8.0
confirmation,2026-10-08T07:09:27.788914+00:00,smoke-1,postgres,4.07,67580723,12,,,,
confirmation,2026-10-08T07:09:35.031455+00:00,smoke-1,ai-worker,0.37,55511613,12,,,,
confirmation,2026-10-08T07:09:35.043885+00:00,smoke-1,backend-1,4.77,523029709,12,1.0,4.0,0.0,8.0
confirmation,2026-10-08T07:09:35.055449+00:00,smoke-1,backend-2,29.7,519779123,12,1.0,5.0,0.0,8.0
confirmation,2026-10-08T07:09:35.055485+00:00,smoke-1,postgres,3.71,67685581,12,,,,
confirmation,2026-10-08T07:09:42.252474+00:00,smoke-1,ai-worker,0.21,55511613,12,,,,
confirmation,2026-10-08T07:09:42.265801+00:00,smoke-1,backend-1,5.99,523029709,12,1.0,4.0,0.0,8.0
confirmation,2026-10-08T07:09:42.272884+00:00,smoke-1,backend-2,4.09,519674266,12,1.0,5.0,0.0,8.0
confirmation,2026-10-08T07:09:42.272908+00:00,smoke-1,postgres,7.67,67842867,12,,,,
confirmation,2026-10-08T07:09:49.411672+00:00,smoke-1,ai-worker,0.18,55511613,12,,,,
confirmation,2026-10-08T07:09:49.423664+00:00,smoke-1,backend-1,4.27,523029709,12,1.0,4.0,0.0,8.0
confirmation,2026-10-08T07:09:49.435397+00:00,smoke-1,backend-2,3.3,519674266,12,1.0,5.0,0.0,8.0
confirmation,2026-10-08T07:09:49.435433+00:00,smoke-1,postgres,3.42,67874324,12,,,,
confirmation,2026-10-08T07:09:56.654876+00:00,smoke-1,ai-worker,0.25,55511613,12,,,,
confirmation,2026-10-08T07:09:56.669400+00:00,smoke-1,backend-1,3.29,523344282,12,1.0,4.0,0.0,8.0
confirmation,2026-10-08T07:09:56.678100+00:00,smoke-1,backend-2,2.44,519674266,12,1.0,5.0,0.0,8.0
confirmation,2026-10-08T07:09:56.678127+00:00,smoke-1,postgres,2.85,68157440,12,,,,
confirmation,2026-10-08T07:10:03.887547+00:00,smoke-1,ai-worker,0.15,55511613,12,,,,
confirmation,2026-10-08T07:10:03.897656+00:00,smoke-1,backend-1,3.37,523134566,12,1.0,4.0,0.0,8.0
confirmation,2026-10-08T07:10:03.912304+00:00,smoke-1,backend-2,3.66,519674266,12,1.0,5.0,0.0,8.0
confirmation,2026-10-08T07:10:03.912344+00:00,smoke-1,postgres,5.69,68451041,12,,,,
confirmation,2026-10-08T07:10:10.251828+00:00,smoke-1,ai-worker,0.18,55522099,12,,,,
confirmation,2026-10-08T07:10:10.258779+00:00,smoke-1,backend-1,1.59,523134566,12,1.0,4.0,0.0,8.0
confirmation,2026-10-08T07:10:10.266047+00:00,smoke-1,backend-2,2.07,520093696,12,1.0,5.0,0.0,8.0
confirmation,2026-10-08T07:10:10.266088+00:00,smoke-1,postgres,6.26,68367155,12,,,,
confirmation,2026-10-08T07:10:17.457166+00:00,smoke-1,ai-worker,0.18,55511613,12,,,,
confirmation,2026-10-08T07:10:17.464258+00:00,smoke-1,backend-1,2.74,523658854,12,1.0,4.0,0.0,8.0
confirmation,2026-10-08T07:10:17.470582+00:00,smoke-1,backend-2,2.43,519779123,12,1.0,5.0,0.0,8.0
confirmation,2026-10-08T07:10:17.470614+00:00,smoke-1,postgres,1.39,69048730,12,,,,
confirmation,2026-10-08T07:10:24.665063+00:00,smoke-1,ai-worker,0.18,55511613,12,,,,
confirmation,2026-10-08T07:10:24.675959+00:00,smoke-1,backend-1,0.67,523134566,12,1.0,4.0,0.0,8.0
confirmation,2026-10-08T07:10:24.685729+00:00,smoke-1,backend-2,0.44,519779123,12,1.0,5.0,0.0,8.0
confirmation,2026-10-08T07:10:24.685757+00:00,smoke-1,postgres,1.12,68000154,12,,,,
confirmation,2026-10-08T07:10:26.686873+00:00,retrieval-1,ai-worker,1.09,56811848,12,,,,
confirmation,2026-10-08T07:10:26.693786+00:00,retrieval-1,backend-1,11.83,525965722,12,1.0,4.0,0.0,8.0
confirmation,2026-10-08T07:10:26.700179+00:00,retrieval-1,backend-2,17.25,524392858,12,1.0,5.0,0.0,8.0
confirmation,2026-10-08T07:10:26.700208+00:00,retrieval-1,postgres,3.16,82669732,12,,,,
confirmation,2026-10-08T07:10:33.899436+00:00,retrieval-1,ai-worker,0.24,56780390,12,,,,
confirmation,2026-10-08T07:10:33.907773+00:00,retrieval-1,backend-1,0.7,525965722,12,1.0,4.0,0.0,8.0
confirmation,2026-10-08T07:10:33.915992+00:00,retrieval-1,backend-2,1.12,524602573,12,1.0,5.0,0.0,8.0
confirmation,2026-10-08T07:10:33.916037+00:00,retrieval-1,postgres,0.32,82680218,12,,,,
confirmation,2026-10-08T07:10:40.371433+00:00,retrieval-1,ai-worker,0.2,56780390,12,,,,
confirmation,2026-10-08T07:10:40.386006+00:00,retrieval-1,backend-1,0.33,526175437,12,1.0,4.0,0.0,8.0
confirmation,2026-10-08T07:10:40.399171+00:00,retrieval-1,backend-2,0.5,524392858,12,1.0,5.0,0.0,8.0
confirmation,2026-10-08T07:10:40.399211+00:00,retrieval-1,postgres,0.74,82669732,12,,,,
confirmation,2026-10-08T07:10:47.658417+00:00,retrieval-1,ai-worker,0.52,57399050,12,,,,
confirmation,2026-10-08T07:10:47.695996+00:00,retrieval-1,backend-1,1.42,527119155,12,1.0,4.0,0.0,8.0
confirmation,2026-10-08T07:10:47.716852+00:00,retrieval-1,backend-2,0.42,530684314,12,1.0,5.0,0.0,8.0
confirmation,2026-10-08T07:10:47.716889+00:00,retrieval-1,postgres,0.5,88552243,12,,,,
confirmation,2026-10-08T07:10:55.018384+00:00,retrieval-1,ai-worker,0.31,57399050,12,,,,
confirmation,2026-10-08T07:10:55.044933+00:00,retrieval-1,backend-1,0.83,527958016,12,1.0,4.0,0.0,8.0
confirmation,2026-10-08T07:10:55.064540+00:00,retrieval-1,backend-2,1.18,530684314,12,1.0,5.0,0.0,8.0
confirmation,2026-10-08T07:10:55.064577+00:00,retrieval-1,postgres,0.58,88541757,12,,,,
confirmation,2026-10-08T07:11:01.402166+00:00,retrieval-1,ai-worker,0.66,57860424,11,,,,
confirmation,2026-10-08T07:11:01.412782+00:00,retrieval-1,backend-1,1.63,528587162,11,1.0,3.0,0.0,8.0
confirmation,2026-10-08T07:11:01.424246+00:00,retrieval-1,backend-2,3.39,536766054,11,1.0,5.0,0.0,8.0
confirmation,2026-10-08T07:11:01.424275+00:00,retrieval-1,postgres,0.69,82585846,11,,,,
confirmation,2026-10-08T07:11:08.638891+00:00,retrieval-1,ai-worker,0.31,57849938,10,,,,
confirmation,2026-10-08T07:11:08.646512+00:00,retrieval-1,backend-1,0.69,528377446,10,1.0,3.0,0.0,8.0
confirmation,2026-10-08T07:11:08.655133+00:00,retrieval-1,backend-2,0.45,536766054,10,1.0,4.0,0.0,8.0
confirmation,2026-10-08T07:11:08.655156+00:00,retrieval-1,postgres,0.93,76871107,10,,,,
confirmation,2026-10-08T07:11:15.892291+00:00,retrieval-1,ai-worker,0.35,58237911,10,,,,
confirmation,2026-10-08T07:11:15.899828+00:00,retrieval-1,backend-1,0.88,528901734,10,1.0,3.0,0.0,8.0
confirmation,2026-10-08T07:11:15.907480+00:00,retrieval-1,backend-2,0.82,538024346,10,1.0,4.0,0.0,8.0
confirmation,2026-10-08T07:11:15.907502+00:00,retrieval-1,postgres,4.01,79838577,10,,,,
confirmation,2026-10-08T07:11:23.126982+00:00,retrieval-1,ai-worker,0.21,58195968,9,,,,
confirmation,2026-10-08T07:11:23.133972+00:00,retrieval-1,backend-1,0.57,529006592,9,1.0,2.0,0.0,8.0
confirmation,2026-10-08T07:11:23.142709+00:00,retrieval-1,backend-2,0.53,537709773,9,1.0,4.0,0.0,8.0
confirmation,2026-10-08T07:11:23.142759+00:00,retrieval-1,postgres,0.55,79838577,9,,,,
confirmation,2026-10-08T07:11:30.361876+00:00,retrieval-1,ai-worker,13.36,58321797,8,,,,
confirmation,2026-10-08T07:11:30.373424+00:00,retrieval-1,backend-1,28.81,531523174,8,1.0,2.0,0.0,8.0
confirmation,2026-10-08T07:11:30.395591+00:00,retrieval-1,backend-2,0.54,538129203,8,1.0,3.0,0.0,8.0
confirmation,2026-10-08T07:11:30.395645+00:00,retrieval-1,postgres,3.37,63365448,8,,,,
confirmation,2026-10-08T07:11:37.643596+00:00,retrieval-1,ai-worker,0.37,58279854,7,,,,
confirmation,2026-10-08T07:11:37.666497+00:00,retrieval-1,backend-1,0.56,530998886,7,1.0,2.0,0.0,8.0
confirmation,2026-10-08T07:11:37.673604+00:00,retrieval-1,backend-2,34.25,540855501,7,1.0,2.0,0.0,8.0
confirmation,2026-10-08T07:11:37.673636+00:00,retrieval-1,postgres,0.3,57189335,7,,,,
confirmation,2026-10-08T07:11:44.900103+00:00,retrieval-1,ai-worker,0.23,58321797,8,,,,
confirmation,2026-10-08T07:11:44.908427+00:00,retrieval-1,backend-1,0.67,535927194,8,1.0,2.0,0.0,8.0
confirmation,2026-10-08T07:11:44.914742+00:00,retrieval-1,backend-2,0.96,550292685,8,1.0,3.0,0.0,8.0
confirmation,2026-10-08T07:11:44.914782+00:00,retrieval-1,postgres,1.35,63784878,8,,,,
confirmation,2026-10-08T07:11:51.594599+00:00,retrieval-1,ai-worker,0.24,58290340,7,,,,
confirmation,2026-10-08T07:11:51.607368+00:00,retrieval-1,backend-1,1.35,535822336,7,1.0,2.0,0.0,8.0
confirmation,2026-10-08T07:11:51.623934+00:00,retrieval-1,backend-2,2.73,550292685,7,1.0,2.0,0.0,8.0
confirmation,2026-10-08T07:11:51.623969+00:00,retrieval-1,postgres,5.16,58101596,7,,,,
confirmation,2026-10-08T07:11:58.812696+00:00,retrieval-1,ai-worker,0.21,58510541,8,,,,
confirmation,2026-10-08T07:11:58.822573+00:00,retrieval-1,backend-1,0.46,536136909,8,1.0,2.0,0.0,8.0
confirmation,2026-10-08T07:11:58.839906+00:00,retrieval-1,backend-2,0.45,550502400,8,1.0,3.0,0.0,8.0
confirmation,2026-10-08T07:11:58.839950+00:00,retrieval-1,postgres,6.03,66311946,8,,,,
confirmation,2026-10-08T07:12:06.077446+00:00,retrieval-1,ai-worker,0.33,58468598,7,,,,
confirmation,2026-10-08T07:12:06.085616+00:00,retrieval-1,backend-1,1.19,536032051,7,1.0,2.0,0.0,8.0
confirmation,2026-10-08T07:12:06.095288+00:00,retrieval-1,backend-2,1.09,550502400,7,1.0,2.0,0.0,8.0
confirmation,2026-10-08T07:12:06.095311+00:00,retrieval-1,postgres,1.95,60607693,7,,,,
confirmation,2026-10-08T07:12:13.271396+00:00,retrieval-1,ai-worker,2.94,58625884,9,,,,
confirmation,2026-10-08T07:12:13.285147+00:00,retrieval-1,backend-1,1.25,536241766,9,1.0,2.0,0.0,8.0
confirmation,2026-10-08T07:12:13.297333+00:00,retrieval-1,backend-2,1.83,551131546,9,1.0,4.0,0.0,8.0
confirmation,2026-10-08T07:12:13.297373+00:00,retrieval-1,postgres,3.66,68534927,9,,,,
confirmation,2026-10-08T07:12:20.376835+00:00,retrieval-1,ai-worker,0.43,58573455,9,,,,
confirmation,2026-10-08T07:12:20.387838+00:00,retrieval-1,backend-1,0.37,536241766,9,1.0,2.0,0.0,8.0
confirmation,2026-10-08T07:12:20.396677+00:00,retrieval-1,backend-2,0.75,551131546,9,1.0,4.0,0.0,8.0
confirmation,2026-10-08T07:12:20.396707+00:00,retrieval-1,postgres,0.43,68660756,9,,,,
confirmation,2026-10-08T07:12:27.599235+00:00,retrieval-1,ai-worker,0.41,58573455,9,,,,
confirmation,2026-10-08T07:12:27.625362+00:00,retrieval-1,backend-1,0.77,536241766,9,1.0,2.0,0.0,8.0
confirmation,2026-10-08T07:12:27.650188+00:00,retrieval-1,backend-2,0.42,551341261,9,1.0,4.0,0.0,8.0
confirmation,2026-10-08T07:12:27.650233+00:00,retrieval-1,postgres,0.39,68681728,9,,,,
final,2026-10-08T11:03:39.151216+00:00,smoke-1,ai-worker,0.13,58751713,16,,,,
final,2026-10-08T11:03:39.231606+00:00,smoke-1,backend-1,69.7,386505114,16,1.0,7.0,0.0,8.0
final,2026-10-08T11:03:39.317463+00:00,smoke-1,backend-2,28.59,411146650,16,1.0,6.0,0.0,8.0
final,2026-10-08T11:03:39.317538+00:00,smoke-1,postgres,0.4,75371643,16,,,,
final,2026-10-08T11:03:46.580006+00:00,smoke-1,ai-worker,0.13,58762199,16,,,,
final,2026-10-08T11:03:46.598347+00:00,smoke-1,backend-1,24.3,406952346,16,1.0,7.0,0.0,8.0
final,2026-10-08T11:03:46.614587+00:00,smoke-1,backend-2,23.1,422051840,16,1.0,6.0,0.0,8.0
final,2026-10-08T11:03:46.614632+00:00,smoke-1,postgres,6.35,78779515,16,,,,
final,2026-10-08T11:03:52.863829+00:00,smoke-1,ai-worker,0.2,58762199,16,,,,
final,2026-10-08T11:03:52.883478+00:00,smoke-1,backend-1,25.35,411146650,16,1.0,7.0,0.0,8.0
final,2026-10-08T11:03:52.911940+00:00,smoke-1,backend-2,28.18,425302426,16,1.0,6.0,0.0,8.0
final,2026-10-08T11:03:52.911982+00:00,smoke-1,postgres,6.82,79618376,16,,,,
final,2026-10-08T11:04:00.111168+00:00,smoke-1,ai-worker,0.24,58762199,16,,,,
final,2026-10-08T11:04:00.123450+00:00,smoke-1,backend-1,8.24,417857536,16,1.0,7.0,0.0,8.0
final,2026-10-08T11:04:00.133561+00:00,smoke-1,backend-2,4.96,429182157,16,1.0,6.0,0.0,8.0
final,2026-10-08T11:04:00.133601+00:00,smoke-1,postgres,4.51,80142664,16,,,,
final,2026-10-08T11:04:07.486493+00:00,smoke-1,ai-worker,0.44,58762199,16,,,,
final,2026-10-08T11:04:07.500633+00:00,smoke-1,backend-1,11.96,419744973,16,1.0,7.0,0.0,8.0
final,2026-10-08T11:04:07.514073+00:00,smoke-1,backend-2,11.94,429811302,16,1.0,6.0,0.0,8.0
final,2026-10-08T11:04:07.514119+00:00,smoke-1,postgres,3.47,80792781,16,,,,
final,2026-10-08T11:04:14.784939+00:00,smoke-1,ai-worker,4.03,58772685,16,,,,
final,2026-10-08T11:04:14.810490+00:00,smoke-1,backend-1,8.73,428028723,16,2.0,6.0,0.0,8.0
final,2026-10-08T11:04:14.823910+00:00,smoke-1,backend-2,18.43,430545306,16,1.0,6.0,0.0,8.0
final,2026-10-08T11:04:14.823972+00:00,smoke-1,postgres,5.59,81254154,16,,,,
final,2026-10-08T11:04:21.526890+00:00,smoke-1,ai-worker,0.1,58762199,16,,,,
final,2026-10-08T11:04:21.540237+00:00,smoke-1,backend-1,16.32,428972442,16,1.0,7.0,0.0,8.0
final,2026-10-08T11:04:21.553165+00:00,smoke-1,backend-2,20.09,431593882,16,1.0,6.0,0.0,8.0
final,2026-10-08T11:04:21.553205+00:00,smoke-1,postgres,6.45,81526784,16,,,,
final,2026-10-08T11:04:28.750358+00:00,smoke-1,ai-worker,0.14,58762199,16,,,,
final,2026-10-08T11:04:28.773514+00:00,smoke-1,backend-1,7.98,429496730,16,1.0,7.0,0.0,8.0
final,2026-10-08T11:04:28.783156+00:00,smoke-1,backend-2,8.78,431803597,16,1.0,6.0,0.0,8.0
final,2026-10-08T11:04:28.783184+00:00,smoke-1,postgres,3.13,81925243,16,,,,
final,2026-10-08T11:04:36.011783+00:00,smoke-1,ai-worker,0.13,58762199,16,,,,
final,2026-10-08T11:04:36.025772+00:00,smoke-1,backend-1,8.02,430650163,16,1.0,7.0,0.0,8.0
final,2026-10-08T11:04:36.040758+00:00,smoke-1,backend-2,15.12,432957030,16,1.0,6.0,0.0,8.0
final,2026-10-08T11:04:36.040795+00:00,smoke-1,postgres,3.81,82239816,16,,,,
final,2026-10-08T11:04:42.692927+00:00,smoke-1,ai-worker,0.35,58762199,16,,,,
final,2026-10-08T11:04:42.705711+00:00,smoke-1,backend-1,30.91,434739610,16,1.0,7.0,0.0,8.0
final,2026-10-08T11:04:42.717877+00:00,smoke-1,backend-2,18.2,435368755,16,1.0,6.0,0.0,8.0
final,2026-10-08T11:04:42.717910+00:00,smoke-1,postgres,5.82,82292244,16,,,,
final,2026-10-08T11:04:49.933506+00:00,smoke-1,ai-worker,0.28,58762199,16,,,,
final,2026-10-08T11:04:49.947098+00:00,smoke-1,backend-1,20.01,436522189,16,1.0,7.0,0.0,8.0
final,2026-10-08T11:04:49.960204+00:00,smoke-1,backend-2,68.06,435683328,16,1.0,6.0,0.0,8.0
final,2026-10-08T11:04:49.960241+00:00,smoke-1,postgres,9.33,82397102,16,,,,
final,2026-10-08T11:04:57.172029+00:00,smoke-1,ai-worker,0.24,58762199,16,,,,
final,2026-10-08T11:04:57.183144+00:00,smoke-1,backend-1,8.46,435578470,16,1.0,7.0,0.0,8.0
final,2026-10-08T11:04:57.199893+00:00,smoke-1,backend-2,9.02,436102758,16,1.0,6.0,0.0,8.0
final,2026-10-08T11:04:57.199937+00:00,smoke-1,postgres,2.92,82868961,16,,,,
final,2026-10-08T11:05:04.393116+00:00,smoke-1,ai-worker,0.32,58762199,15,,,,
final,2026-10-08T11:05:04.405459+00:00,smoke-1,backend-1,10.67,436102758,15,1.0,6.0,0.0,8.0
final,2026-10-08T11:05:04.416952+00:00,smoke-1,backend-2,16.74,438514483,15,1.0,6.0,0.0,8.0
final,2026-10-08T11:05:04.417007+00:00,smoke-1,postgres,3.03,82931876,15,,,,
final,2026-10-08T11:05:11.631218+00:00,smoke-1,ai-worker,0.2,58762199,14,,,,
final,2026-10-08T11:05:11.642661+00:00,smoke-1,backend-1,16.41,436312474,14,1.0,6.0,0.0,8.0
final,2026-10-08T11:05:11.654418+00:00,smoke-1,backend-2,6.1,438514483,14,1.0,5.0,0.0,8.0
final,2026-10-08T11:05:11.654453+00:00,smoke-1,postgres,2.71,76168561,14,,,,
final,2026-10-08T11:05:18.921730+00:00,smoke-1,ai-worker,0.26,58762199,12,,,,
final,2026-10-08T11:05:18.943901+00:00,smoke-1,backend-1,10.67,438199910,12,1.0,5.0,0.0,8.0
final,2026-10-08T11:05:18.957641+00:00,smoke-1,backend-2,6.33,438724198,12,1.0,4.0,0.0,8.0
final,2026-10-08T11:05:18.957673+00:00,smoke-1,postgres,2.82,70359450,12,,,,
final,2026-10-08T11:05:26.177781+00:00,smoke-1,ai-worker,2.38,58772685,10,,,,
final,2026-10-08T11:05:26.189092+00:00,smoke-1,backend-1,8.34,438724198,10,1.0,4.0,0.0,8.0
final,2026-10-08T11:05:26.199611+00:00,smoke-1,backend-2,5.5,439038771,10,1.0,3.0,0.0,8.0
final,2026-10-08T11:05:26.199639+00:00,smoke-1,postgres,2.81,64109937,10,,,,
final,2026-10-08T11:05:32.610323+00:00,smoke-1,ai-worker,0.19,58762199,9,,,,
final,2026-10-08T11:05:32.619221+00:00,smoke-1,backend-1,10.61,443547648,9,1.0,3.0,0.0,8.0
final,2026-10-08T11:05:32.629013+00:00,smoke-1,backend-2,11.52,439563059,9,1.0,3.0,0.0,8.0
final,2026-10-08T11:05:32.629056+00:00,smoke-1,postgres,5.25,60838380,9,,,,
final,2026-10-08T11:05:39.841654+00:00,smoke-1,ai-worker,0.29,58762199,11,,,,
final,2026-10-08T11:05:39.855717+00:00,smoke-1,backend-1,2.09,443547648,11,1.0,3.0,0.0,8.0
final,2026-10-08T11:05:39.865311+00:00,smoke-1,backend-2,1.68,444386509,11,1.0,5.0,0.0,8.0
final,2026-10-08T11:05:39.865357+00:00,smoke-1,postgres,3.75,60932751,11,,,,
final,2026-10-08T11:05:41.858366+00:00,retrieval-1,ai-worker,7.61,58877542,11,,,,
final,2026-10-08T11:05:41.867005+00:00,retrieval-1,backend-1,141.76,452775117,11,1.0,3.0,0.0,8.0
final,2026-10-08T11:05:41.876087+00:00,retrieval-1,backend-2,78.27,449419674,11,1.0,5.0,0.0,8.0
final,2026-10-08T11:05:41.876131+00:00,retrieval-1,postgres,20.99,75392614,11,,,,
final,2026-10-08T11:05:49.081147+00:00,retrieval-1,ai-worker,0.18,58835599,11,,,,
final,2026-10-08T11:05:49.091091+00:00,retrieval-1,backend-1,0.78,452775117,11,1.0,3.0,0.0,8.0
final,2026-10-08T11:05:49.101211+00:00,retrieval-1,backend-2,1.43,449419674,11,1.0,5.0,0.0,8.0
final,2026-10-08T11:05:49.101244+00:00,retrieval-1,postgres,2.36,75455529,11,,,,
final,2026-10-08T11:05:56.475138+00:00,retrieval-1,ai-worker,15.85,58846085,9,,,,
final,2026-10-08T11:05:56.485838+00:00,retrieval-1,backend-1,1.29,453194547,9,1.0,3.0,0.0,8.0
final,2026-10-08T11:05:56.496227+00:00,retrieval-1,backend-2,2.95,449524531,9,1.0,3.0,0.0,8.0
final,2026-10-08T11:05:56.496264+00:00,retrieval-1,postgres,0.43,66574090,9,,,,
final,2026-10-08T11:06:02.716348+00:00,retrieval-1,ai-worker,0.19,58835599,8,,,,
final,2026-10-08T11:06:02.728471+00:00,retrieval-1,backend-1,31.12,459066573,8,1.0,2.0,0.0,8.0
final,2026-10-08T11:06:02.740999+00:00,retrieval-1,backend-2,1.31,450048819,8,1.0,3.0,0.0,8.0
final,2026-10-08T11:06:02.741057+00:00,retrieval-1,postgres,3.61,64571310,8,,,,
final,2026-10-08T11:06:08.930761+00:00,retrieval-1,ai-worker,0.15,58835599,8,,,,
final,2026-10-08T11:06:08.958563+00:00,retrieval-1,backend-1,1.67,459171430,8,1.0,2.0,0.0,8.0
final,2026-10-08T11:06:09.000175+00:00,retrieval-1,backend-2,1.99,450048819,8,1.0,3.0,0.0,8.0
final,2026-10-08T11:06:09.000214+00:00,retrieval-1,postgres,3.21,64057508,8,,,,
final,2026-10-08T11:06:16.303294+00:00,retrieval-1,ai-worker,14.94,58909000,10,,,,
final,2026-10-08T11:06:16.318409+00:00,retrieval-1,backend-1,1.45,464204595,10,1.0,4.0,0.0,8.0
final,2026-10-08T11:06:16.331541+00:00,retrieval-1,backend-2,0.29,450468250,10,1.0,3.0,0.0,8.0
final,2026-10-08T11:06:16.331576+00:00,retrieval-1,postgres,4.62,70181192,10,,,,
final,2026-10-08T11:06:22.609749+00:00,retrieval-1,ai-worker,0.15,58846085,10,,,,
final,2026-10-08T11:06:22.620872+00:00,retrieval-1,backend-1,32.57,464519168,10,1.0,4.0,0.0,8.0
final,2026-10-08T11:06:22.630802+00:00,retrieval-1,backend-2,1.32,450573107,10,1.0,3.0,0.0,8.0
final,2026-10-08T11:06:22.630851+00:00,retrieval-1,postgres,0.9,70181192,10,,,,
final,2026-10-08T11:06:29.871509+00:00,retrieval-1,ai-worker,0.25,58909000,10,,,,
final,2026-10-08T11:06:29.883359+00:00,retrieval-1,backend-1,0.82,466196890,10,1.0,4.0,0.0,8.0
final,2026-10-08T11:06:29.893795+00:00,retrieval-1,backend-2,0.76,451936256,10,1.0,3.0,0.0,8.0
final,2026-10-08T11:06:29.893841+00:00,retrieval-1,postgres,0.35,70296535,10,,,,
final,2026-10-08T11:06:37.169812+00:00,retrieval-1,ai-worker,14.3,58877542,10,,,,
final,2026-10-08T11:06:37.201768+00:00,retrieval-1,backend-1,0.79,467769754,10,1.0,4.0,0.0,8.0
final,2026-10-08T11:06:37.237775+00:00,retrieval-1,backend-2,0.92,451936256,10,1.0,3.0,0.0,8.0
final,2026-10-08T11:06:37.237822+00:00,retrieval-1,postgres,0.5,70296535,10,,,,
final,2026-10-08T11:06:44.470245+00:00,retrieval-1,ai-worker,0.43,58961428,10,,,,
final,2026-10-08T11:06:44.489063+00:00,retrieval-1,backend-1,38.06,476368077,10,1.0,4.0,0.0,8.0
final,2026-10-08T11:06:44.525666+00:00,retrieval-1,backend-2,1.3,454767411,10,1.0,3.0,0.0,8.0
final,2026-10-08T11:06:44.525841+00:00,retrieval-1,postgres,0.8,70359450,10,,,,
final,2026-10-08T11:06:51.585758+00:00,retrieval-1,ai-worker,0.49,58929971,10,,,,
final,2026-10-08T11:06:51.593840+00:00,retrieval-1,backend-1,0.96,476263219,10,1.0,4.0,0.0,8.0
final,2026-10-08T11:06:51.601922+00:00,retrieval-1,backend-2,0.97,454977126,10,1.0,3.0,0.0,8.0
final,2026-10-08T11:06:51.601951+00:00,retrieval-1,postgres,0.84,70380421,10,,,,
final,2026-10-08T11:06:58.806449+00:00,retrieval-1,ai-worker,16.47,58950943,10,,,,
final,2026-10-08T11:06:58.820630+00:00,retrieval-1,backend-1,0.32,480876954,10,1.0,4.0,0.0,8.0
final,2026-10-08T11:06:58.828308+00:00,retrieval-1,backend-2,0.5,462317158,10,1.0,3.0,0.0,8.0
final,2026-10-08T11:06:58.828345+00:00,retrieval-1,postgres,3.35,70432850,10,,,,
final,2026-10-08T11:07:06.050921+00:00,retrieval-1,ai-worker,0.58,58898514,10,,,,
final,2026-10-08T11:07:06.059917+00:00,retrieval-1,backend-1,0.68,480876954,10,1.0,4.0,0.0,8.0
final,2026-10-08T11:07:06.068788+00:00,retrieval-1,backend-2,0.29,462212301,10,1.0,3.0,0.0,8.0
final,2026-10-08T11:07:06.068829+00:00,retrieval-1,postgres,0.41,70432850,10,,,,
final,2026-10-08T11:07:12.785315+00:00,retrieval-1,ai-worker,3.91,58950943,10,,,,
final,2026-10-08T11:07:12.906576+00:00,retrieval-1,backend-1,47.62,481925530,10,1.0,4.0,0.0,8.0
final,2026-10-08T11:07:13.030015+00:00,retrieval-1,backend-2,61.85,462526874,10,1.0,3.0,0.0,8.0
final,2026-10-08T11:07:13.030101+00:00,retrieval-1,postgres,11.83,70002934,10,,,,
final,2026-10-08T11:07:20.281438+00:00,retrieval-1,ai-worker,0.24,58909000,10,,,,
final,2026-10-08T11:07:20.292870+00:00,retrieval-1,backend-1,2.61,482030387,10,1.0,4.0,0.0,8.0
final,2026-10-08T11:07:20.307342+00:00,retrieval-1,backend-2,1.88,462526874,10,1.0,3.0,0.0,8.0
final,2026-10-08T11:07:20.307383+00:00,retrieval-1,postgres,0.25,69992448,10,,,,
final,2026-10-08T11:07:27.624352+00:00,retrieval-1,ai-worker,12.06,69373788,10,,,,
final,2026-10-08T11:07:27.640305+00:00,retrieval-1,backend-1,54.01,486958694,10,1.0,4.0,0.0,8.0
final,2026-10-08T11:07:27.653072+00:00,retrieval-1,backend-2,0.28,462526874,10,1.0,3.0,0.0,8.0
final,2026-10-08T11:07:27.653138+00:00,retrieval-1,postgres,0.99,70013420,10,,,,
final,2026-10-08T11:07:34.839430+00:00,retrieval-1,ai-worker,0.24,58929971,10,,,,
final,2026-10-08T11:07:34.849491+00:00,retrieval-1,backend-1,0.69,491887002,10,1.0,4.0,0.0,8.0
final,2026-10-08T11:07:34.860639+00:00,retrieval-1,backend-2,1.78,462841446,10,1.0,3.0,0.0,8.0
final,2026-10-08T11:07:34.860672+00:00,retrieval-1,postgres,0.48,69583503,10,,,,
final,2026-10-08T11:07:41.576713+00:00,retrieval-1,ai-worker,0.16,58929971,10,,,,
final,2026-10-08T11:07:41.588796+00:00,retrieval-1,backend-1,2.09,492201574,10,1.0,4.0,0.0,8.0
final,2026-10-08T11:07:41.599541+00:00,retrieval-1,backend-2,0.75,462841446,10,1.0,3.0,0.0,8.0
final,2026-10-08T11:07:41.599589+00:00,retrieval-1,postgres,3.97,69583503,10,,,,
